expression,reading
現像,げんぞう
原則,げんそく
見地,けんち
現地,げんち
限定,げんてい
原点,げんてん
原典,げんてん
原爆,げんばく
原文,げんぶん
厳密,げんみつ
賢明,けんめい
倹約,けんやく
原油,げんゆ
兼用,けんよう
権力,けんりょく
言論,げんろん
故～,こ～
語彙,ごい
恋する,こいする
甲,こう
～光,～こう
好意,こうい
行為,こうい
合意,ごうい
工学,こうがく
抗議,こうぎ
合議,ごうぎ
皇居,こうきょ
好況,こうきょう
鉱業,こうぎょう
興業,こうぎょう
高原,こうげん
交互,こうご
煌々と,こうこうと
考古学,こうこがく
工作,こうさく
耕作,こうさく
鉱山,こうざん
講習,こうしゅう
口述,こうじゅつ
控除,こうじょ
交渉,こうしょう
高尚,こうしょう
向上,こうじょう
行進,こうしん
香辛料,こうしんりょう
降水,こうすい
洪水,こうずい
合成,ごうせい
公然,こうぜん
抗争,こうそう
構想,こうそう
後退,こうたい
光沢,こうたく
公団,こうだん
好調,こうちょう
口頭,こうとう
講読,こうどく
購読,こうどく
購入,こうにゅう
公認,こうにん
光熱費,こうねつひ
購買,こうばい
好評,こうひょう
交付,こうふ
公募,こうぼ
巧妙,こうみょう
公用,こうよう
小売,こうり
効率,こうりつ
公立,こうりつ
護衛,ごえい
コーナー,コーナー
小柄,こがら
小切手,こぎって
国産,こくさん
国定,こくてい
告白,こくはく
国防,こくぼう
国有,こくゆう
極楽,ごくらく
国連,こくれん
焦げ茶,こげちゃ
語源,ごげん
心地,ここち
心得,こころえ
心掛け,こころがけ
心掛ける,こころがける
志,こころざし
志す,こころざす
心強い,こころづよい
心細い,こころぼそい
試み,こころみ
試みる,こころみる
快い,こころよい
誤差,ごさ
ございます (かん),ございます (かん)
孤児,こじ
こじれる,こじれる
こす (みずを～),こす (みずを～)
梢,こずえ
個性,こせい
戸籍,こせき
古代,こだい
こたつ,こたつ
こだわる,こだわる
誇張,こちょう
こつ (をつかむ),こつ (をつかむ)
滑稽,こっけい
国交,こっこう
骨董品,こっとうひん
固定,こてい
事柄,ことがら
孤独,こどく
ことごとく,ことごとく
言付け,ことづけ
殊に,ことに
粉々,こなごな
好ましい,このましい
碁盤,ごばん
個別,こべつ
ごまかす,ごまかす
細やか,こまやか
コマーシャル,コマーシャル
込める,こめる
コメント,コメント
籠もる,こもる
固有,こゆう
暦,こよみ
凝らす,こらす
ごらんなさい (かん),ごらんなさい (かん)
孤立,こりつ
懲りる,こりる
凝る,こる
根気,こんき
根拠,こんきょ
混血,こんけつ
コンタクト (レンズ),コンタクト (レンズ)
昆虫,こんちゅう
根底,こんてい
混同,こんどう
コントラスト,コントラスト
コントロール,コントロール
コンパス,コンパス
根本,こんぽん
財,ざい
再会,さいかい
災害,さいがい
細菌,さいきん
細工,さいく
採掘,さいくつ
サイクル,サイクル
採決,さいけつ
再建,さいけん
再現,さいげん
財源,ざいげん
在庫,ざいこ
採算,さいさん
サイズ,サイズ
再生,さいせい
財政,ざいせい
最善,さいぜん
採択,さいたく
栽培,さいばい
再発,さいはつ
細胞,さいぼう
採用,さいよう
遮る,さえぎる
さえずる,さえずる
冴える,さえる
竿,さお
栄える,さかえる
差額,さがく
杯,さかずき
逆立ち,さかだち
さきに (いぜん),さきに (いぜん)
詐欺,さぎ
削減,さくげん
錯誤,さくご
作戦,さくせん
叫び,さけび
捧げる,ささげる
差し掛かる,さしかかる
指図,さしず
差し出す,さしだす
差し支える,さしつかえる
授ける,さずける
摩する,さする
さぞ (さぞや。さぞかし),さぞ (さぞや。さぞかし)
定まる,さだまる
定める,さだめる
座談会,ざだんかい
雑,ざつ
雑貨,ざっか
殺人,さつじん
察する,さっする
雑談,ざつだん
さっと,さっと
さっぱりする,さっぱりする
悟る,さとる
最中,さなか
座標,ざひょう
さほど,さほど
サボる,サボる
様,さま
寒気,さむけ
侍,さむらい
さも,さも
作用,さよう
さらう (こどもを～),さらう (こどもを～)
障る,さわる
酸,さん
山岳,さんがく
参議院,さんぎいん
産休,さんきゅう
サンキュー,サンキュー
残金,ざんきん
産後,さんご
残酷,ざんこく
産出,さんしゅつ
参照,さんしょう
参上,さんじょう
残高,ざんだか
サンタクロース,サンタクロース
桟橋,さんばし
賛美,さんび
山腹,さんぷく
産婦人科,さんふじんか
産物,さんぶつ
山脈,さんみゃく
仕上がり,しあがり
仕上,しあげ
仕上げる,しあげる
飼育,しいく
強いて,しいて
シート,シート
ジーパン,ジーパン
仕入れる,しいれる
強いる,しいる
潮,しお
歯科,しか
自我,じが
自覚,じかく
仕掛,しかけ
仕掛ける,しかける
しかしながら,しかしながら
色彩,しきさい
式場,しきじょう
しきたり,しきたり
事業,じぎょう
軽蔑,けいべつ
経歴,けいれき
経路,けいろ
けがらわしい,けがらわしい
劇団,げきだん
激励,げきれい
ゲスト,ゲスト
獣,けだもの
決,けつ
決意,けつい
結核,けっかく
決議,けつぎ
結合,けつごう
決算,けっさん
月謝,げっしゃ
決勝,けっしょう
結晶,けっしょう
結成,けっせい
結束,けっそく
げっそり,げっそり
決断,けつだん
月賦,げっぷ
欠乏,けつぼう
蹴飛ばす,けとばす
けなす,けなす
煙たい,けむたい
煙る,けむる
獣,けもの
家来,けらい
下痢,げり
権威,けんい
兼業,けんぎょう
原形,げんけい
原型,げんけい
権限,けんげん
現行,げんこう
健在,けんざい
原作,げんさく
検事,けんじ
原子,げんし
元首,げんしゅ
原書,げんしょ
懸賞,けんしょう
健全,けんぜん
元素,げんそ
同調,どうちょう
到底,とうてい
動的,どうてき
尊い,とうとい
貴い,とうとい
同等,どうとう
堂々,どうどう
尊ぶ,とうとぶ
どうにか,どうにか
投入,とうにゅう
導入,どうにゅう
当人,とうにん
同封,どうふう
逃亡,とうぼう
冬眠,とうみん
同盟,どうめい
どうやら,どうやら
動力,どうりょく
登録,とうろく
討論,とうろん
遠ざかる,とおざかる
遠回り,とおまわり
トーン,トーン
とかく,とかく
とがめる,とがめる
時折,ときおり
とぎれる,とぎれる
研ぐ,とぐ
特技,とくぎ
独裁,どくさい
特産,とくさん
独自,どくじ
特集,とくしゅう
独占,どくせん
独創,どくそう
得点,とくてん
特派,とくは
特有,とくゆう
とげ (をさす),とげ (をさす)
遂げる,とげる
～どころか,～どころか
年頃,としごろ
戸締り,とじまり
途上,とじょう
土台,どだい
途絶える,とだえる
特許,とっきょ
特権,とっけん
とっさに,とっさに
突如,とつじょ
とって,とって
突破,とっぱ
土手,どて
届,とどけ
滞る,とどこおる
整える,ととのえる
止める,とどめる
唱える,となえる
殿様,とのさま
土俵,どひょう
扉,とびら
溝,どぶ
徒歩,とほ
土木,どぼく
とぼける,とぼける
乏しい,とぼしい
富,とみ
富む,とむ
共稼ぎ,ともかせぎ
伴う,ともなう
共働き,ともばたらき
ドライ,ドライ
ドライクリーニング,ドライクリーニング
ドライバー,ドライバー
ドライブイン,ドライブイン
トラブル,トラブル
トランジスター,トランジスター
とりあえず,とりあえず
取扱,とりあつかい
取り扱う,とりあつかう
鳥居,とりい
取り替え,とりかえ
取り組む,とりくむ
取締り,とりしまり
取り締まる,とりしまる
取り調べる,とりしらべる
取り立てる,とりたてる
取り次ぐ,とりつぐ
取り付ける,とりつける
取り除く,とりのぞく
取引,とりひき
取り巻く,とりまく
取り混ぜる,とりまぜる
取り戻す,とりもどす
取り寄せる,とりよせる
ドリル,ドリル
副,とりわけ
とろける,とろける
鈍感,どんかん
とんだ,とんだ
度忘れ,どわすれ
問屋,とんや
内閣,ないかく
乃至,ないし
内緒,ないしょ
内心,ないしん
内蔵,ないぞう
ナイター,ナイター
内部,ないぶ
内乱,ないらん
内陸,ないりく
苗,なえ
なおさら,なおさら
流し,ながし
長々,ながなが
中程,なかほど
渚,なぎさ
嘆く,なげく
投げ出す,なげだす
仲人,なこうど
和やか,なごやか
名残,なごり
情け,なさけ
情無い,なさけない
情深い,なさけぶかい
詰る,なじる
名高い,なだかい
雪崩,なだれ
懐く,なつく
名付ける,なづける
何気ない,なにげない
なにとぞ,なにとぞ
なにより,なにより
ナプキン,ナプキン
名札,なふだ
生臭い,なまぐさい
生温い,なまぬるい
生身,なまみ
鉛,なまり
滑らか,なめらか
嘗める,なめる
悩ましい,なやましい
悩ます,なやます
悩み,なやみ
並びに,ならびに
成り立つ,なりたつ
なるたけ,なるたけ
慣れ,なれ
馴々しい,なれなれしい
～なんか,～なんか
ナンセンス,ナンセンス
何だか,なんだか
なんだかんだ,なんだかんだ
なんなり,なんなり
荷,に
似通う,にかよう
にきび,にきび
賑わう,にぎわう
憎しみ,にくしみ
肉親,にくしん
肉体,にくたい
逃げ出す,にげだす
西日,にしび
滲む,にじむ
にせ物,にせもの
日夜,にちや
荷造り,にづくり
担う,になう
鈍る,にぶる
にも関わらず,にもかかわらず
ニュアンス,ニュアンス
ニュー,ニュー
入手,にゅうしゅ
入賞,にゅうしょう
入浴,にゅうよく
尿,にょう
認識,にんしき
妊娠,にんしん
任務,にんむ
任命,にんめい
抜かす,ぬかす
抜け出す,ぬけだす
主,ぬし
沼,ぬま
音色,ねいろ
値打ち,ねうち
ネガ,ネガ
寝かせる,ねかせる
ねじまわし,ねじまわし
捩れる,ねじれる
妬む,ねたむ
ねだる,ねだる
熱意,ねつい
熱湯,ねっとう
熱量,ねつりょう
粘り,ねばり
粘る,ねばる
値引き,ねびき
根回し,ねまわし
眠たい,ねむたい
練る,ねる
念,ねん
年賀,ねんが
念願,ねんがん
年号,ねんごう
燃焼,ねんしょう
年長,ねんちょう
燃料,ねんりょう
年輪,ねんりん
ノイローゼ,ノイローゼ
農耕,のうこう
農場,のうじょう
農地,のうち
納入,のうにゅう
逃す,のがす
逃れる,のがれる
軒並,のきなみ
望ましい,のぞましい
乗っ取る,のっとる
のどか,のどか
罵る,ののしる
延べ,のべ
飲み込む,のみこむ
乗り込む,のりこむ
刃,は
～派,～は
バー,バー
把握,はあく
パート,パート
廃棄,はいき
配給,はいきゅう
ばい菌,ばいきん
配偶者,はいぐうしゃ
拝啓,はいけい
背景,はいけい
背後,はいご
廃止,はいし
拝借,はいしゃく
排除,はいじょ
賠償,ばいしょう
排水,はいすい
敗戦,はいせん
配置,はいち
配布,はいふ
配分,はいぶん
敗北,はいぼく
倍率,ばいりつ
配慮,はいりょ
配列,はいれつ
破壊,はかい
いたわる,いたわる
一概に,いちがいに
著しい,いちじるしい
一同,いちどう
一部分,いちぶぶん
一別,いちべつ
一面,いちめん
一目,いちもく
一様,いちよう
一律,いちりつ
一連,いちれん
一括,いっかつ
一気,いっき
一挙に,いっきょに
一見,いっけん
一切,いっさい
一心,いっしん
いっそ,いっそ
一変,いっぺん
意図,いと
営む,いとなむ
挑む,いどむ
稲光,いなびかり
祈り,いのり
いびき,いびき
今更,いまさら
未だ,いまだ
移民,いみん
嫌々,いやいや
卑しい,いやしい
いやに,いやに
いやらしい,いやらしい
意欲,いよく
威力,いりょく
衣類,いるい
異論,いろん
印鑑,いんかん
陰気,いんき
隠居,いんきょ
インターチェンジ,インターチェンジ
インターナショナル,インターナショナル
インターフォン,インターフォン
インテリ,インテリ
インフォメーション,インフォメーション
インフレ,インフレ
受かる,うかる
受け入れ,うけいれ
受け入れる,うけいれる
受け継ぐ,うけつぐ
受け付ける,うけつける
受け止める,うけとめる
受身,うけみ
受持ち,うけもち
動き,うごき
埋める,うずめる
嘘つき,うそつき
うたた寝,うたたね
打ち明ける,うちあける
打ち切る,うちきる
打ち消し,うちけし
打ち込む,うちこむ
団扇,うちわ
内訳,うちわけ
写し,うつし
訴え,うったえ
うっとうしい,うっとうしい
うつむく,うつむく
空ろ,うつろ
器,うつわ
腕前,うでまえ
雨天,うてん
促す,うながす
うぬぼれ,うぬぼれ
生まれつき,うまれつき
埋め込む,うめこむ
梅干し,うめぼし
裏返し,うらがえし
売り出し,うりだし
売り出す,うりだす
潤う,うるおう
浮気,うわき
上回る,うわまわる
植わる,うわる
運営,うんえい
うんざり,うんざり
運送,うんそう
運賃,うんちん
云々,うんぬん
運搬,うんぱん
運命,うんめい
運輸,うんゆ
運用,うんよう
エアメール,エアメール
～営,～えい
英字,えいじ
映写,えいしゃ
映像,えいぞう
英雄,えいゆう
液,えき
閲覧,えつらん
獲物,えもの
襟,えり
エレガント,エレガント
円滑,えんかつ
縁側,えんがわ
沿岸,えんがん
婉曲,えんきょく
演出,えんしゅつ
エンジニア,エンジニア
演じる,えんじる
演ずる,えんずる
沿線,えんせん
縁談,えんだん
遠方,えんぽう
円満,えんまん
追い込む,おいこむ
追い出す,おいだす
於いて,おいて
老いる,おいる
応急,おうきゅう
黄金,おうごん
往診,おうしん
応募,おうぼ
おおい (かん),おおい (かん)
大方,おおかた
大柄,おおがら
おおげさ,おおげさ
大筋,おおすじ
大空,おおぞら
オートマチック,オートマチック
大幅,おおはば
おおまかな,おおまかな
大水,おおみず
公,おおやけ
犯す,おかす
侵す,おかす
臆病,おくびょう
遅らす,おくらす
厳か,おごそか
行い,おこない
おごる (ゆうしょくを～),おごる (ゆうしょくを～)
収まる,おさまる
納まる,おさまる
治まる,おさまる
お産,おさん
押し切る,おしきる
押し込む,おしこむ
惜しむ,おしむ
押し寄せる,おしよせる
雄,おす
御世辞,おせじ
襲う,おそう
遅くとも,おそくとも
恐れ,おそれ
恐れ入る,おそれいる
おだてる,おだてる
落ち込む,おちこむ
落ち着き,おちつき
落葉,おちば
乙,おつ
お使い,おつかい
おっかない,おっかない
お手上げ,おてあげ
おどおど,おどおど
脅す,おどす
訪れる,おとずれる
お供,おとも
衰える,おとろえる
同い年,おないどし
自ずから,おのずから
怯える,おびえる
おびただしい,おびただしい
脅かす,おびやかす
帯びる,おびる
お袋,おふくろ
覚え,おぼえ
おまけ,おまけ
お宮,おみや
おむつ,おむつ
思い付き,おもいつき
趣,おもむき
赴く,おもむく
重んじる,おもんじる
重んずる,おもんずる
親父,おやじ
及び,および
及ぶ,およぶ
折,おり
檻,おり
オリエンテーション,オリエンテーション
折り返す,おりかえす
織物,おりもの
俺,おれ
愚か,おろか
おろそか,おろそか
おんぶ,おんぶ
オンライン,オンライン
温和,おんわ
我,が～
カーペット,カーペット
～界,～かい
～街,～がい
改悪,かいあく
海運,かいうん
外貨,がいか
改革,かいかく
貝殻,かいがら
外観,がいかん
階級,かいきゅう
海峡,かいきょう
会見,かいけん
介護,かいご
開催,かいさい
回収,かいしゅう
改修,かいしゅう
怪獣,かいじゅう
解除,かいじょ
外相,がいしょう
害する,がいする
概説,がいせつ
回送,かいそう
階層,かいそう
開拓,かいたく
会談,かいだん
改定,かいてい
改訂,かいてい
ガイド,ガイド
街道,かいどう
該当,がいとう
街頭,がいとう
ガイドブック,ガイドブック
介入,かいにゅう
概念,がいねん
開発,かいはつ
海抜,かいばつ
介抱,かいほう
解剖,かいぼう
外来,がいらい
回覧,かいらん
概略,がいりゃく
海流,かいりゅう
改良,かいりょう
回路,かいろ
海路,かいろ
省みる,かえりみる
顧みる,かえりみる
顔付き,かおつき
課外,かがい
掲げる,かかげる
かかと,かかと
書き取る,かきとる
掻き回す,かきまわす
かく (はじを),かく (はじを)
～画,～かく
学芸,がくげい
格差,かくさ
拡散,かくさん
学士,がくし
各種,かくしゅ
隔週,かくしゅう
確信,かくしん
革新,かくしん
学説,がくせつ
確定,かくてい
カクテル,カクテル
獲得,かくとく
楽譜,がくふ
確保,かくほ
革命,かくめい
確立,かくりつ
賭,かけ
掛～,かけ～
～掛け,～かけ
崖,がけ
駆け足,かけあし
家計,かけい
駆けっこ,かけっこ
加工,かこう
化合,かごう
かさばる,かさばる
かさむ,かさむ
箇条書,かじょうがき
頭,かしら
微か,かすか
霞む,かすむ
擦る,かする
火星,かせい
化石,かせき
河川,かせん
化繊,かせん
過疎,かそ
片～,かた～
片言,かたこと
傾ける,かたむける
固める,かためる
傍ら,かたわら
花壇,かだん
家畜,かちく
且つ,かつ
がっくり,がっくり
合唱,がっしょう
がっしり,がっしり
合致,がっち
がっちり,がっちり
かつて,かつて
勝手,かって
カット,カット
活発,かっぱつ
合併,がっぺい
カテゴリー,カテゴリー
叶う,かなう
叶える,かなえる
金槌,かなづち
かなわない,かなわない
加入,かにゅう
予て,かねて
庇う,かばう
株式,かぶしき
かぶれる,かぶれる
花粉,かふん
貨幣,かへい
構える,かまえる
過密,かみつ
噛み切る,かみきる
カムバック,カムバック
カメラマン,カメラマン
粥,かゆ
体付き,からだつき
絡む,からむ
かりに,かりに
カルテ,カルテ
ガレージ,ガレージ
過労,かろう
かろうじて,かろうじて
交す,かわす
代る代る,かわるがわる
簡易,かんい
灌漑,かんがい
眼科,がんか
眼球,がんきゅう
玩具,がんぐ
簡潔,かんけつ
還元,かんげん
看護,かんご
漢語,かんご
頑固,がんこ
勧告,かんこく
換算,かんさん
監視,かんし
慣習,かんしゅう
観衆,かんしゅう
願書,がんしょ
干渉,かんしょう
頑丈,がんじょう
感触,かんしょく
肝心,かんじん
肝腎,かんじん
関税,かんぜい
岩石,がんせき
感染,かんせん
幹線,かんせん
簡素,かんそ
観点,かんてん
感度,かんど
カンニング,カンニング
元年,がんねん
幹部,かんぶ
完ぺき,かんぺき
勘弁,かんべん
感無量,かんむりょう
勧誘,かんゆう
関与,かんよ
寛容,かんよう
元来,がんらい
観覧,かんらん
慣例,かんれい
還暦,かんれき
貫禄,かんろく
緩和,かんわ
議案,ぎあん
危害,きがい
企画,きかく
規格,きかく
着飾る,きかざる
気兼ね,きがね
気軽,きがる
危機,きき
聞き取り,ききとり
効き目,ききめ
帰京,ききょう
戯曲,ぎきょく
基金,ききん
喜劇,きげき
議決,ぎけつ
棄権,きけん
既婚,きこん
気障,きざ
記載,きさい
兆,きざし
気質,きしつ
期日,きじつ
きしむ,きしむ
議事堂,ぎじどう
記述,きじゅつ
気象,きしょう
傷付く,きずつく
傷付ける,きずつける
犠牲,ぎせい
汽船,きせん
寄贈,きぞう
偽造,ぎぞう
貴族,きぞく
議題,ぎだい
鍛える,きたえる
気立て,きだて
来る,きたる
きちっと,きちっと
几帳面,きちょうめん
きっかり,きっかり
きっちり,きっちり
きっぱり,きっぱり
規定,きてい
起点,きてん
軌道,きどう
技能,ぎのう
規範,きはん
気品,きひん
気風,きふう
起伏,きふく
規模,きぼ
気まぐれ,きまぐれ
生真面目,きまじめ
期末,きまつ
きまりわるい,きまりわるい
記名,きめい
規約,きやく
脚色,きゃくしょく
逆転,ぎゃくてん
脚本,きゃくほん
華奢,きゃしゃ
客観,きゃっかん
キャッチ,キャッチ
キャリア,キャリア
救援,きゅうえん
休学,きゅうがく
究極,きゅうきょく
窮屈,きゅうくつ
球根,きゅうこん
救済,きゅうさい
給仕,きゅうじ
給食,きゅうしょく
休戦,きゅうせん
宮殿,きゅうでん
旧知,きゅうち
窮乏,きゅうぼう
寄与,きよ
強,きょう
～狂,～きょう
驚異,きょうい
教科,きょうか
協会,きょうかい
共学,きょうがく
共感,きょうかん
境遇,きょうぐう
教訓,きょうくん
強行,きょうこう
強硬,きょうこう
教材,きょうざい
凶作,きょうさく
業者,ぎょうしゃ
教習,きょうしゅう
郷愁,きょうしゅう
教職,きょうしょく
興じる,きょうじる
強制,きょうせい
行政,ぎょうせい
業績,ぎょうせき
共存,きょうぞん
協定,きょうてい
郷土,きょうど
脅迫,きょうはく
業務,ぎょうむ
共鳴,きょうめい
郷里,きょうり
強烈,きょうれつ
共和,きょうわ
局限,きょくげん
極端,きょくたん
居住,きょじゅう
拒絶,きょぜつ
漁船,ぎょせん
漁村,ぎょそん
拒否,きょひ
許容,きょよう
清らか,きよらか
きらびやか,きらびやか
～きり,～きり
義理,ぎり
切替,きりかえ
気流,きりゅう
切れ目,きれめ
疑惑,ぎわく
極めて,きわめて
近眼,きんがん
緊急,きんきゅう
近郊,きんこう
均衡,きんこう
禁じる,きんじる
勤勉,きんべん
吟味,ぎんみ
勤務,きんむ
禁物,きんもつ
勤労,きんろう
クイズ,クイズ
食い違う,くいちがう
空間,くうかん
空腹,くうふく
区画,くかく
区間,くかん
茎,くき
区切り,くぎり
くぐる,くぐる
くじ (～をひく),くじ (～をひく)
くじびき,くじびき
くすぐったい,くすぐったい
愚痴,ぐち
口吟む,くちずさむ
嘴,くちばし
朽ちる,くちる
覆す,くつがえす
くっきり,くっきり
屈折,くっせつ
ぐっと,ぐっと
首飾り,くびかざり
首輪,くびわ
組み込む,くみこむ
組み合わせる,くみあわせる
蔵,くら
グレー,グレー
クレーン,クレーン
玄人,くろうと
黒字,くろじ
軍艦,ぐんかん
軍事,ぐんじ
君主,くんしゅ
群集,ぐんしゅう
群衆,ぐんしゅう
軍備,ぐんび
軍服,ぐんぷく
芸,げい
経過,けいか
軽快,けいかい
警戒,けいかい
敬具,けいぐ
軽減,けいげん
掲載,けいさい
傾斜,けいしゃ
形成,けいせい
形勢,けいせい
軽率,けいそつ
刑罰,けいばつ
経費,けいひ
警部,けいぶ
転換,てんかん
転居,てんきょ
転勤,てんきん
点検,てんけん
電源,でんげん
天国,てんごく
天才,てんさい
天災,てんさい
展示,てんじ
伝説,でんせつ
点線,てんせん
転じる,てんじる
転ずる,てんずる
天体,てんたい
伝達,でんたつ
天地,てんち
てんで,てんで
転任,てんにん
展望,てんぼう
伝来,でんらい
転落,てんらく
問い合わせる,といあわせる
当～,とう～
胴,どう
同意,どうい
動員,どういん
同感,どうかん
陶器,とうき
討議,とうぎ
動機,どうき
等級,とうきゅう
同級,どうきゅう
同居,どうきょ
登校,とうこう
統合,とうごう
動向,どうこう
投資,とうし
同情,どうじょう
道場,どうじょう
統制,とうせい
当選,とうせん
逃走,とうそう
統率,とうそつ
到達,とうたつ
統治,とうち
仕切る,しきる
資金,しきん
軸,じく
しくじる,しくじる
仕組,しくみ
死刑,しけい
湿気る,しける
施行,しこう
思考,しこう
志向,しこう
嗜好,しこう
事項,じこう
時刻表,じこくひょう
地獄,じごく
時差,じさ
自在,じざい
視察,しさつ
資産,しさん
支持,しじ
自主,じしゅ
自首,じしゅ
刺繍,ししゅう
市場,しじょう
辞職,じしょく
雫,しずく
システム,システム
沈める,しずめる
施設,しせつ
事前,じぜん
子息,しそく
持続,じぞく
自尊心,じそんしん
慕う,したう
下心,したごころ
下地,したじ
親しむ,したしむ
下調べ,したしらべ
愛想,あいそう
間柄,あいだがら
合間,あいま
敢えて,あえて
仰ぐ,あおぐ
垢,あか
赤字,あかじ
明かす,あかす
赤らむ,あからむ
上がり,あがり
諦め,あきらめ
アクセル,アクセル
あくどい,あくどい
顎,あご
憧れ,あこがれ
麻,あさ
あざ,あざ
浅ましい,あさましい
欺く,あざむく
鮮やか,あざやか
嘲笑う,あざわらう
悪しからず,あしからず
味わい,あじわい
焦る,あせる
あせる (こえが～),あせる (こえが～)
値,あたい
値する,あたいする
悪化,あっか
扱い,あつかい
呆気ない,あっけない
あっさり,あっさり
斡旋,あっせん
圧倒,あっとう
圧迫,あっぱく
あつらえる,あつらえる
圧力,あつりょく
当て,あて
～宛,～あて
当て字,あてじ
跡継ぎ,あとつぎ
後回し,あとまわし
油絵,あぶらえ
アプローチ,アプローチ
あべこべ,あべこべ
甘える,あまえる
雨具,あまぐ
甘口,あまくち
アマチュア,アマチュア
網,あみ
操る,あやつる
危ぶむ,あやぶむ
あやふや,あやふや
過ち,あやまち
誤る,あやまる
歩み,あゆみ
歩む,あゆむ
予め,あらかじめ
荒らす,あらす
争い,あらそい
改まる,あらたまる
荒っぽい,あらっぽい
アラブ,アラブ
霰,あられ
有り様,ありさま
ありのまま,ありのまま
ありふれる,ありふれる
アルカリ,アルカリ
アルミ,アルミ
アワー,アワー
合わす,あわす
～合せ,～あわせ
アンコール,アンコール
暗殺,あんさつ
暗算,あんざん
暗示,あんじ
案じる,あんじる
安静,あんせい
案の定,あんのじょう
いい加減,いいかげん
言い訳,いいわけ
イェス,イェス
家出,いえで
生かす,いかす
いかに,いかに
いかにも,いかにも
異議,いぎ
生き甲斐,いきがい
行き違い,いきちがい
意気込む,いきごむ
育成,いくせい
幾多,いくた
"(花を〜) 生ける, 活ける"
異見,いけん
意向,いこう
移行,いこう
いざ,いざ
移住,いじゅう
衣装,いしょう
いじる,いじる
異性,いせい
遺跡,いせき
依存,いぞん
委託,いたく
いたって,いたって
出世,しゅっせ
出題,しゅつだい
出動,しゅつどう
出費,しゅっぴ
出品,しゅっぴん
主導,しゅどう
主任,しゅにん
首脳,しゅのう
守備,しゅび
手法,しゅほう
樹木,じゅもく
樹立,じゅりつ
準急,じゅんきゅう
準じる,じゅんじる
～署,～しょ
～症,～しょう
～証,～しょう
～嬢,～じょう
上位,じょうい
上演,じょうえん
城下,じょうか
消去,しょうきょ
上空,じょうくう
衝撃,しょうげき
証言,しょうげん
証拠,しょうこ
照合,しょうごう
詳細,しょうさい
上昇,じょうしょう
昇進,しょうしん
称する,しょうする
情勢,じょうせい
消息,しょうそく
承諾,しょうだく
情緒,じょうちょ
情緒,じょうしょ
象徴,しょうちょう
小児科,しょうにか
使用人,しようにん
情熱,じょうねつ
譲歩,じょうほ
条約,じょうやく
勝利,しょうり
上陸,じょうりく
蒸溜,じょうりゅう
奨励,しょうれい
ショー,ショー
除外,じょがい
職員,しょくいん
植民地,しょくみんち
職務,しょくむ
諸君,しょくん
助言,じょげん
徐行,じょこう
所在,しょざい
所持,しょじ
所属,しょぞく
処置,しょち
しょっちゅう,しょっちゅう
所定,しょてい
所得,しょとく
処罰,しょばつ
初版,しょはん
書評,しょひょう
処分,しょぶん
庶民,しょみん
庶務,しょむ
所有,しょゆう
調べ,しらべ
自立,じりつ
記す,しるす
指令,しれい
～心,～しん
陣,じん
進化,しんか
人格,じんかく
審議,しんぎ
新婚,しんこん
審査,しんさ
人材,じんざい
紳士,しんし
真実,しんじつ
信者,しんじゃ
真珠,しんじゅ
進出,しんしゅつ
心情,しんじょう
新人,しんじん
神聖,しんせい
親善,しんぜん
真相,しんそう
迅速,じんそく
人体,じんたい
新築,しんちく
心中,しんじゅう
進呈,しんてい
進展,しんてん
神殿,しんでん
進度,しんど
振動,しんどう
新入生,しんにゅうせい
信任,しんにん
神秘,しんぴ
辛抱,しんぼう
人民,じんみん
侵略,しんりゃく
診療,しんりょう
粋,すい
水源,すいげん
推進,すいしん
吹奏,すいそう
推測,すいそく
水田,すいでん
推理,すいり
数詞,すうし
崇拝,すうはい
据え付ける,すえつける
据える,すえる
すがすがしい,すがすがしい
救い,すくい
すくう (みずを～),すくう (みずを～)
健やか,すこやか
濯ぐ,すすぐ
進み,すすみ
裾,すそ
スタジオ,スタジオ
スチーム,スチーム
ストライキ,ストライキ
スト,スト
ストロー,ストロー
ストロボ,ストロボ
すばしこい,すばしこい
素早い,すばやい
ずばり,ずばり
スプリング,スプリング
スペース,スペース
ずぶぬれ,ずぶぬれ
スポーツカー,スポーツカー
澄ます,すます
清ます,すます
済ます,すます
すみやか,すみやか
スラックス,スラックス
ずらっと,ずらっと
ずるずる,ずるずる
ずれ,ずれ
すれちがい,すれちがい
擦れる,すれる
すんなり,すんなり
生育,せいいく
成育,せいいく
成果,せいか
正解,せいかい
正義,せいぎ
生計,せいけい
政権,せいけん
星座,せいざ
制裁,せいさい
政策,せいさく
生死,せいし
静止,せいし
誠実,せいじつ
成熟,せいじゅく
青春,せいしゅん
清純,せいじゅん
聖書,せいしょ
正常,せいじょう
制する,せいする
整然,せいぜん
盛装,せいそう
盛大,せいだい
清濁,せいだく
制定,せいてい
静的,せいてき
製鉄,せいてつ
晴天,せいてん
正当,せいとう
制服,せいふく
征服,せいふく
製法,せいほう
精密,せいみつ
税務署,ぜいむしょ
制約,せいやく
勢力,せいりょく
整列,せいれつ
セール,セール
急かす,せかす
伜,せがれ
責務,せきむ
セクション,セクション
世辞,せじ
世帯,せたい
是正,ぜせい
世代,せだい
切開,せっかい
セックス,セックス
切実,せつじつ
接触,せっしょく
接続詞,せつぞくし
設置,せっち
折衷,せっちゅう
設定,せってい
説得,せっとく
切ない,せつない
絶版,ぜっぱん
設立,せつりつ
攻め,せめ
ゼリー,ゼリー
セレモニー,セレモニー
世論,せろん
先,せん
繊維,せんい
全快,ぜんかい
宣教,せんきょう
宣言,せんげん
戦災,せんさい
専修,せんしゅう
戦術,せんじゅつ
センス,センス
潜水,せんすい
全盛,ぜんせい
先代,せんだい
先だって,せんだって
先着,せんちゃく
前提,ぜんてい
先天的,せんてんてき
前途,ぜんと
戦闘,せんとう
潜入,せんにゅう
船舶,せんぱく
全滅,ぜんめつ
専用,せんよう
占領,せんりょう
善良,ぜんりょう
戦力,せんりょく
前例,ぜんれい
相応,そうおう
総会,そうかい
創刊,そうかん
雑木,ぞうき
早急,そうきゅう
早急,さっきゅう
増強,ぞうきょう
送金,そうきん
走行,そうこう
総合,そうごう
捜索,そうさく
蔵相,ぞうしょう
装飾,そうしょく
増進,ぞうしん
相対,そうたい
壮大,そうだい
騒動,そうどう
遭難,そうなん
相場,そうば
装備,そうび
創立,そうりつ
添える,そえる
ソース,ソース
即座に,そくざに
促進,そくしん
即する,そくする
束縛,そくばく
側面,そくめん
損う,そこなう
そこら,そこら
素材,そざい
阻止,そし
訴訟,そしょう
育ち,そだち
措置,そち
ソックス,ソックス
素っ気無い,そっけない
外方,そっぽ
備え付ける,そなえつける
備わる,そなわる
具わる,そなわる
聳える,そびえる
素朴,そぼく
背く,そむく
染まる,そまる
染める,そめる
そらす,そらす
そり (～にのる),そり (～にのる)
反る,そる
それゆえ,それゆえ
ソロ,ソロ
揃い,そろい
ぞんざい,ぞんざい
損失,そんしつ
存続,そんぞく
ダース,ダース
対応,たいおう
大家,たいか
退化,たいか
大概,たいがい
体格,たいかく
大金,たいきん
待遇,たいぐう
対決,たいけつ
体験,たいけん
対抗,たいこう
退治,たいじ
大衆,たいしゅう
対処,たいしょ
退職,たいしょく
題する,だいする
態勢,たいせい
対談,たいだん
大胆,だいたん
対等,たいとう
台無し,だいなし
滞納,たいのう
対比,たいひ
タイピスト,タイピスト
大部,たいぶ
大便,だいべん
代弁,だいべん
待望,たいぼう
台本,だいほん
タイマー,タイマー
怠慢,たいまん
タイミング,タイミング
タイム,タイム
タイムリー,タイムリー
対面,たいめん
代用,だいよう
体力,たいりょく
タイル,タイル
対話,たいわ
耐える,たえる
堪える,たえる
絶える,たえる
断える,たえる
打開,だかい
焚火,たきび
妥協,だきょう
たくましい,たくましい
巧み,たくみ
丈,たけ
打撃,だげき
妥結,だけつ
駄作,ださく
足し算,たしざん
多数決,たすうけつ
助け,たすけ
携わる,たずさわる
漂う,ただよう
立ち去る,たちさる
立ち寄る,たちよる
抱っこ,だっこ
達者,たっしゃ
脱出,だっしゅつ
脱する,だっする
達成,たっせい
脱退,だったい
だったら,だったら
立て替える,たてかえる
建前,たてまえ
奉る,たてまつる
だと,だと
他動詞,たどうし
辿り着く,たどりつく
辿る,たどる
束ねる,たばねる
だぶだぶ,だぶだぶ
他方,たほう
多忙,たぼう
給う,たまう
魂,たましい
溜まり,たまり
賜る,たまわる
保つ,たもつ
たやすい,たやすい
多様,たよう
だるい,だるい
弛み,たるみ
弛む,たるむ
垂れる,たれる
タレント,タレント
タワー,タワー
単一,たんいつ
短歌,たんか
担架,たんか
短気,たんき
団結,だんけつ
探検,たんけん
断言,だんげん
短縮,たんしゅく
断然,だんぜん
炭素,たんそ
短大,たんだい
単調,たんちょう
単独,たんどく
旦那,だんな
短波,たんぱ
蛋白質,たんぱくしつ
ダンプ,ダンプ
断面,だんめん
弾力,だんりょく
治安,ちあん
チームワーク,チームワーク
チェンジ,チェンジ
違える,ちがえる
畜産,ちくさん
畜生,ちくしょう
蓄積,ちくせき
地形,ちけい
知性,ちせい
乳,ちち
縮まる,ちぢまる
秩序,ちつじょ
窒息,ちっそく
知的,ちてき
着手,ちゃくしゅ
着色,ちゃくしょく
着席,ちゃくせき
着目,ちゃくもく
着陸,ちゃくりく
着工,ちゃっこう
茶の間,ちゃのま
茶の湯,ちゃのゆ
ちやほや,ちやほや
チャンネル,チャンネル
宙返り,ちゅうがえり
中継,ちゅうけい
忠告,ちゅうこく
中傷,ちゅうしょう
中枢,ちゅうすう
抽選,ちゅうせん
中断,ちゅうだん
中毒,ちゅうどく
中腹,ちゅうふく
中立,ちゅうりつ
中和,ちゅうわ
～著,～ちょ
腸,ちょう
蝶,ちょう
超,ちょう
調印,ちょういん
聴覚,ちょうかく
長官,ちょうかん
聴講,ちょうこう
徴収,ちょうしゅう
聴診器,ちょうしんき
調停,ちょうてい
重複,ちょうふく
長編,ちょうへん
重宝,ちょうほう
調理,ちょうり
調和,ちょうわ
ちょくちょく,ちょくちょく
直面,ちょくめん
著書,ちょしょ
貯蓄,ちょちく
直感,ちょっかん
著名,ちょめい
ちらっと,ちらっと
塵,ちり
塵取り,ちりとり
賃金,ちんぎん
沈殿,ちんでん
沈没,ちんぼつ
沈黙,ちんもく
陳列,ちんれつ
追及,ついきゅう
追跡,ついせき
追放,ついほう
費やす,ついやす
墜落,ついらく
痛感,つうかん
通常,つうじょう
痛切,つうせつ
杖,つえ
使い道,つかいみち
仕える,つかえる
司る,つかさどる
つかの間,つかのま
月並,つきなみ
継目,つぎめ
尽きる,つきる
尽くす,つくす
つくづく,つくづく
作り,つくり
造り,つくり
繕う,つくろう
付け加える,つけくわえる
告げる,つげる
つじつま (はなしの～),つじつま (はなしの～)
筒,つつ
突く,つつく
突っ突く,つっつく
謹む,つつしむ
突っ張る,つっぱる
務まる,つとまる
勤め先,つとめさき
努めて,つとめて
津波,つなみ
つねる,つねる
角,つの
募る,つのる
唾,つば
呟く,つぶやく
つぶら,つぶら
つぶる (めを～),つぶる (めを～)
壷,つぼ
蕾,つぼみ
連なる,つらなる
貫く,つらぬく
連ねる,つらねる
釣り鐘,つりがね
吊り革,つりかわ
手当,てあて
定義,ていぎ
提供,ていきょう
提携,ていけい
体裁,ていさい
提示,ていじ
ティシュペーパー,ティシュペーパー
定食,ていしょく
訂正,ていせい
停滞,ていたい
邸宅,ていたく
定年,ていねん
堤防,ていぼう
手遅れ,ておくれ
でかい,でかい
手掛かり,てがかり
手掛ける,てがける
手数,てかず
手軽,てがる
適応,てきおう
適宜,てきぎ
適性,てきせい
できもの,できもの
手際,てぎわ
出くわす,でくわす
手順,てじゅん
手錠,てじょう
手数,てすう
デコレーション,デコレーション
手近,てぢか
てっきり,てっきり
鉄鋼,てっこう
デッサン,デッサン
徹する,てっする
てっぺん,てっぺん
鉄棒,てつぼう
出直し,でなおし
掌,てのひら
手配,てはい
手筈,てはず
手引,てびき
手本,てほん
手回し,てまわし
手元,てもと
デモンストレーション,デモンストレーション
照り返す,てりかえす
テレックス,テレックス
手分け,てわけ
天,てん
田園,でんえん
天下,てんか
転回,てんかい
連休,れんきゅう
レンジ,レンジ
連日,れんじつ
連帯,れんたい
レンタカー,レンタカー
連中,れんちゅう
レントゲン,レントゲン
連邦,れんぽう
連盟,れんめい
老衰,ろうすい
朗読,ろうどく
浪費,ろうひ
労力,ろうりょく
ロープウエイ,ロープウエイ
ロープ,ロープ
ろくな,ろくな
露骨,ろこつ
ロマンチック,ロマンチック
論議,ろんぎ
論理,ろんり
惑星,わくせい
技,わざ
わざわざ,わざわざ
煩わしい,わずらわしい
渡り鳥,わたりどり
ワット,ワット
詫び,わび
和文,わぶん
藁,わら
～割,～わり
割当,わりあて
割込む,わりこむ
悪者,わるもの
我,われ
捗る,はかどる
はかない,はかない
ばかばかしい,ばかばかしい
破棄,はき
剥ぐ,はぐ
迫害,はくがい
薄弱,はくじゃく
白状,はくじょう
漠然,ばくぜん
爆弾,ばくだん
爆破,ばくは
暴露,ばくろ
励ます,はげます
励む,はげむ
剥げる,はげる
化ける,ばける
派遣,はけん
恥,はじ
弾く,はじく
パジャマ,パジャマ
恥じらう,はじらう
恥じる,はじる
橋渡し,はしわたし
弾む,はずむ
破損,はそん
叩く,はたく
裸足,はだし
果たす,はたす
蜂蜜,はちみつ
パチンコ,パチンコ
罰,ばつ
発育,はついく
発芽,はつが
発掘,はっくつ
発言,はつげん
バッジ,バッジ
発生,はっせい
仕立てる,したてる
下取り,したどり
下火,したび
実,じつ
実家,じっか
失格,しっかく
質疑,しつぎ
失脚,しっきゃく
実業家,じつぎょうか
シック,シック
じっくり,じっくり
躾,しつけ
躾ける,しつける
実践,じっせん
質素,しっそ
実態,じったい
失調,しっちょう
嫉妬,しっと
実費,じっぴ
指摘,してき
自転,じてん
助動詞,じょどうし
淑やか,しとやか
萎びる,しなびる
シナリオ,シナリオ
しなやか,しなやか
屎尿,しにょう
地主,じぬし
凌ぐ,しのぐ
芝,しば
始発,しはつ
耳鼻科,じびか
私物,しぶつ
しぶとい,しぶとい
司法,しほう
始末,しまつ
染みる,しみる
使命,しめい
地元,じもと
視野,しや
弱,じゃく
社交,しゃこう
ジャズ,ジャズ
謝絶,しゃぜつ
社宅,しゃたく
若干,じゃっかん
三味線,しゃみせん
斜面,しゃめん
砂利,じゃり
洒落る,しゃれる
ジャンパー,ジャンパー
ジャンプ,ジャンプ
ジャンボ,ジャンボ
ジャンル,ジャンル
主,しゅ
種,しゅ
私有,しゆう
～宗,～しゅう
収益,しゅうえき
修学,しゅうがく
周期,しゅうき
衆議院,しゅうぎいん
就業,しゅうぎょう
従業員,じゅうぎょういん
集計,しゅうけい
襲撃,しゅうげき
収支,しゅうし
終始,しゅうし
修士,しゅうし
従事,じゅうじ
終日,しゅうじつ
充実,じゅうじつ
収集,しゅうしゅう
十字路,じゅうじろ
執着,しゅうじゃく
執着,しゅうちゃく
柔軟,じゅうなん
重複,じゅうふく
収容,しゅうよう
従来,じゅうらい
守衛,しゅえい
主演,しゅえん
主観,しゅかん
修行,しゅぎょう
塾,じゅく
祝賀,しゅくが
宿命,しゅくめい
手芸,しゅげい
主権,しゅけん
主催,しゅさい
取材,しゅざい
趣旨,しゅし
種々,しゅじゅ
主食,しゅしょく
主人公,しゅじんこう
主体,しゅたい
主題,しゅだい
出演,しゅつえん
出血,しゅっけつ
出現,しゅつげん
出産,しゅっさん
出社,しゅっしゃ
出生,しゅっしょう
出生,しゅっせい
微量,びりょう
昼飯,ひるめし
比例,ひれい
疲労,ひろう
敏感,びんかん
貧困,ひんこん
品質,ひんしつ
貧弱,ひんじゃく
品種,ひんしゅ
ヒント,ヒント
頻繁,ひんぱん
貧乏,びんぼう
ファイト,ファイト
ファイル,ファイル
ファン,ファン
不意,ふい
フィルタ,フィルタ
封,ふう
封鎖,ふうさ
風車,ふうしゃ
風習,ふうしゅう
風俗,ふうぞく
ブーツ,ブーツ
風土,ふうど
ブーム,ブーム
フォーム,フォーム
部下,ぶか
不可欠,ふかけつ
ぶかぶか,ぶかぶか
不吉,ふきつ
不況,ふきょう
布巾,ふきん
複合,ふくごう
福祉,ふくし
覆面,ふくめん
膨れる,ふくれる
不景気,ふけいき
耽る,ふける
老ける,ふける
富豪,ふごう
布告,ふこく
ブザー,ブザー
負債,ふさい
不在,ふざい
ふさわしい,ふさわしい
不順,ふじゅん
負傷,ふしょう
侮辱,ぶじょく
不審,ふしん
不振,ふしん
武装,ぶそう
札,ふだ
負担,ふたん
不調,ふちょう
復活,ふっかつ
物議,ぶつぎ
復旧,ふっきゅう
復興,ふっこう
物資,ぶっし
仏像,ぶつぞう
物体,ぶったい
沸騰,ふっとう
不当,ふとう
不動産,ふどうさん
無難,ぶなん
赴任,ふにん
腐敗,ふはい
不評,ふひょう
不服,ふふく
普遍,ふへん
踏まえる,ふまえる
踏み込む,ふみこむ
不明,ふめい
部門,ぶもん
扶養,ふよう
ふらふら,ふらふら
ぶらぶら,ぶらぶら
振り返る,ふりかえる
振り出し,ふりだし
不良,ふりょう
浮力,ふりょく
武力,ぶりょく
ブル,ブル
震わせる,ふるわせる
無礼,ぶれい
付録,ふろく
フロント,フロント
憤慨,ふんがい
文化財,ぶんかざい
分業,ぶんぎょう
文語,ぶんご
分散,ぶんさん
分子,ぶんし
紛失,ふんしつ
噴出,ふんしゅつ
文書,ぶんしょ
紛争,ふんそう
ふんだん,ふんだん
分担,ぶんたん
奮闘,ふんとう
分配,ぶんぱい
分母,ぶんぼ
粉末,ふんまつ
分離,ぶんり
分裂,ぶんれつ
ペア,ペア
兵器,へいき
閉口,へいこう
閉鎖,へいさ
兵士,へいし
平常,へいじょう
平方,へいほう
並列,へいれつ
ベース,ベース
辟易,へきえき
ぺこぺこ,ぺこぺこ
ベスト,ベスト
ベストセラー,ベストセラー
隔たる,へだたる
縁,へり
へりくだる,へりくだる
弁解,べんかい
変革,へんかく
返還,へんかん
便宜,べんぎ
偏見,へんけん
弁護,べんご
返済,へんさい
弁償,べんしょう
変遷,へんせん
返答,へんとう
変動,へんどう
弁論,べんろん
穂,ほ
保育,ほいく
ボイコット,ボイコット
ポイント,ポイント
法案,ほうあん
防衛,ぼうえい
防火,ぼうか
崩壊,ほうかい
妨害,ぼうがい
法学,ほうがく
封建,ほうけん
豊作,ほうさく
方策,ほうさく
奉仕,ほうし
方式,ほうしき
放射,ほうしゃ
放射能,ほうしゃのう
報酬,ほうしゅう
放出,ほうしゅつ
報じる,ほうじる
報ずる,ほうずる
紡績,ぼうせき
呆然,ぼうぜん
放置,ほうち
膨張,ぼうちょう
法廷,ほうてい
報道,ほうどう
冒頭,ぼうとう
暴動,ぼうどう
褒美,ほうび
暴風,ぼうふう
葬る,ほうむる
放り込む,ほうりこむ
放り出す,ほうりだす
暴力,ぼうりょく
飽和,ほうわ
ホース,ホース
ポーズ,ポーズ
ホール,ホール
保温,ほおん
捕獲,ほかく
保管,ほかん
補給,ほきゅう
補強,ほきょう
募金,ぼきん
牧師,ぼくし
捕鯨,ほげい
惚ける,ぼける
保険,ほけん
母校,ぼこう
母国,ぼこく
誇る,ほこる
綻びる,ほころびる
干し～,ほし～
ポジション,ポジション
干し物,ほしもの
保守,ほしゅ
補充,ほじゅう
補助,ほじょ
舗装,ほそう
補足,ほそく
墓地,ぼち
発作,ほっさ
没収,ぼっしゅう
発足,ほっそく
ポット,ポット
ほっぺた,ほっぺた
ぼつぼつ,ぼつぼつ
没落,ぼつらく
解ける,ほどける
施す,ほどこす
ほとり,ほとり
ぼやく,ぼやく
ぼやける,ぼやける
保養,ほよう
捕虜,ほりょ
ボルト,ボルト
滅びる,ほろびる
滅ぼす,ほろぼす
本格,ほんかく
本館,ほんかん
本気,ほんき
本国,ほんごく
本質,ほんしつ
本体,ほんたい
本音,ほんね
本能,ほんのう
本場,ほんば
ポンプ,ポンプ
本文,ほんぶん
本名,ほんみょう
マーク,マーク
マイ～,マイ～
マイクロフォン,マイクロフォン
埋蔵,まいぞう
舞う,まう
真上,まうえ
前売,まえうり
前置き,まえおき
任す,まかす
負かす,まかす
賄う,まかなう
紛らわしい,まぎらわしい
紛れる,まぎれる
真心,まごころ
まごつく,まごつく
誠,まこと
誠に,まことに
まさしく,まさしく
勝る,まさる
～増し,～増し
交える,まじえる
真下,ました
まして,まして
交わる,まじわる
麻酔,ますい
またがる (うまを～),またがる (うまを～)
待ち合わせ,まちあわせ
待ち遠しい,まちどおしい
待ち望む,まちのぞむ
まちまち,まちまち
末期,まっき
真っ二つ,まっぷたつ
まと,まと
纏まり,まとまり
纏め,まとめ
免れる,まぬがれる
招き,まねき
瞬き,まばたき
麻痺,まひ
～まみれ,～まみれ
眉,まゆ
鞠,まり
丸ごと,まるごと
まるっきり,まるっきり
丸々,まるまる
丸める,まるめる
満月,まんげつ
満場,まんじょう
真ん前,まんまえ
真ん丸い,まんまるい
真ん円い,まんまるい
～味,～み
見合い,みあい
見合わせる,みあわせる
見落とす,みおとす
未開,みかい
味覚,みかく
幹,みき
見苦しい,みぐるしい
見込み,みこみ
未婚,みこん
未熟,みじゅく
微塵,みじん
水気,みずけ
ミスプリント,ミスプリント
みすぼらしい,みすぼらしい
ミセス,ミセス
見せびらかす,みせびらかす
見せ物,みせもの
溝,みぞ
満たす,みたす
乱す,みだす
乱れる,みだれる
未知,みち
身近,みぢか
導く,みちびく
密集,みっしゅう
密接,みっせつ
密度,みつど
見積もり,みつもり
未定,みてい
見通し,みとおし
見なす,みなす
源,みなもと
見習う,みならう
身なり,みなり
峰,みね
身の上,みのうえ
見逃す,みのがす
身の回り,みのまわり
見計らう,みはからう
見晴らし,みはらし
身振り,みぶり
脈,みゃく
ミュージック,ミュージック
未練,みれん
見渡す,みわたす
民宿,みんしゅく
民族,みんぞく
民俗,みんぞく
無意味,むいみ
ムード,ムード
無口,むくち
婿,むこ
無効,むこう
無言,むごん
無邪気,むじゃき
むしる,むしる
結び,むすび
結び付き,むすびつき
結び付く,むすびつく
結び付ける,むすびつける
無線,むせん
無駄遣い,むだづかい
無断,むだん
無知,むち
無茶,むちゃ
無茶苦茶,むちゃくちゃ
空しい,むなしい
無念,むねん
無能,むのう
無闇に,むやみに
無用,むよう
斑,むら
群がる,むらがる
無論,むろん
名産,めいさん
名称,めいしょう
命中,めいちゅう
明白,めいはく
名簿,めいぼ
名誉,めいよ
明瞭,めいりょう
明朗,めいろう
メーカー,メーカー
目方,めかた
恵み,めぐみ
恵む,めぐむ
目覚しい,めざましい
目覚める,めざめる
召す,めす
雌,めす
目付き,めつき
滅亡,めつぼう
メディア,メディア
目途,めど
目盛,めもり
メロディー,メロディー
面会,めんかい
免除,めんじょ
面する,めんする
面目,めんぼく
面目,めんもく
～網,～もう
設ける,もうける
申し入れる,もうしいれる
申込,もうしこみ
申出,もうしで
申し出る,もうしでる
申し分,もうしぶん
盲点,もうてん
猛烈,もうれつ
モーテル,モーテル
もがく,もがく
目録,もくろく
目論見,もくろみ
模型,もけい
模索,もさく
もしかして,もしかして
もしくは,もしくは
もたらす,もたらす
持ち切り,もちきり
目下,もっか
専ら,もっぱら
もてなす,もてなす
もてる,もてる
モニター,モニター
物好き,ものずき
物足りない,ものたりない
もはや,もはや
模範,もはん
模倣,もほう
もめる,もめる
股,もも
腿,もも
催す,もよおす
漏らす,もらす
盛り上がる,もりあがる
漏る,もる
漏れる,もれる
脆い,もろい
もろに,もろに
矢,や
野外,やがい
～薬,～やく
夜具,やぐ
役職,やくしょく
役場,やくば
やけに,やけに
屋敷,やしき
養う,やしなう
野心,やしん
安っぽい,やすっぽい
休める,やすめる
野生,やせい
奴,やつ
闇,やみ
病む,やむ
ややこしい,ややこしい
やりとおす,やりとおす
やりとげる,やりとげる
和らげる,やわらげる
ヤング,ヤング
～油,～ゆ
優位,ゆうい
憂鬱,ゆううつ
有益,ゆうえき
優越,ゆうえつ
勇敢,ゆうかん
夕暮れ,ゆうぐれ
融資,ゆうし
有する,ゆうする
優勢,ゆうせい
優先,ゆうせん
誘導,ゆうどう
融通,ゆうずう
優美,ゆうび
有望,ゆうぼう
遊牧,ゆうぼく
夕焼け,ゆうやけ
有力,ゆうりょく
幽霊,ゆうれい
誘惑,ゆうわく
故,ゆえ
歪む,ゆがむ
揺さぶる,ゆさぶる
濯ぐ,ゆすぐ
ゆとり,ゆとり
ユニーク,ユニーク
ユニフォーム,ユニフォーム
指差す,ゆびさす
弓,ゆみ
揺らぐ,ゆらぐ
緩む,ゆるむ
緩める,ゆるめる
緩やか,ゆるやか
要因,よういん
溶液,ようえき
用件,ようけん
養護,ようご
用紙,ようし
様式,ようしき
要する,ようする
要請,ようせい
様相,ようそう
用品,ようひん
洋風,ようふう
用法,ようほう
要望,ようぼう
余暇,よか
予感,よかん
余興,よきょう
預金,よきん
欲,よく
抑圧,よくあつ
浴室,よくしつ
抑制,よくせい
欲深い,よくふかい
欲望,よくぼう
避ける,よける
予言,よげん
横綱,よこづな
汚れ,よごれ
よし (かん),よし (かん)
良し,よし
善し悪し,よしあし
余所見,よそみ
余地,よち
よって (よりどころ),よって (よりどころ)
与党,よとう
呼び止める,よびとめる
夜更し,よふかし
夜更け,よふけ
余程,よほど
読み上げる,よみあげる
～寄り,～より
寄り掛かる,よりかかる
世論,よろん
弱る,よわる
来場,らいじょう
ライス,ライス
酪農,らくのう
落下,らっか
楽観,らっかん
ランプ,ランプ
濫用,らんよう
リード,リード
理屈,りくつ
利子,りし
利潤,りじゅん
理性,りせい
利息,りそく
立体,りったい
立方,りっぽう
立法,りっぽう
利点,りてん
略奪,りゃくだつ
略語,りゃくご
流通,りゅうつう
領域,りょういき
了解,りょうかい
領海,りょうかい
両極,りょうきょく
良好,りょうこう
良識,りょうしき
良質,りょうしつ
了承,りょうしょう
良心,りょうしん
領地,りょうち
領土,りょうど
両立,りょうりつ
旅客,りょかく
旅券,りょけん
履歴,りれき
理論,りろん
林業,りんぎょう
類,るい
類推,るいすい
類似,るいじ
ルーズ,ルーズ
冷酷,れいこく
冷蔵,れいぞう
冷淡,れいたん
レース,レース
レギュラー,レギュラー
レッスン,レッスン
レディー,レディー
レバー,レバー
恋愛,れんあい
バッテリー,バッテリー
バット,バット
発病,はつびょう
初耳,はつみみ
果て,はて
果てる,はてる
ばてる,ばてる
パトカー,パトカー
甚だ,はなはだ
華々しい,はなばなしい
花びら,はなびら
華やか,はなやか
阻む,はばむ
浜,はま
浜辺,はまべ
はまる,はまる
早める,はやめる
腹立ち,はらだち
原っぱ,はらっぱ
はらはら,はらはら
ばらまく,ばらまく
張り紙,はりがみ
遥か,はるか
破裂,はれつ
腫れる,はれる
繁栄,はんえい
版画,はんが
ハンガー,ハンガー
反感,はんかん
反響,はんきょう
パンク,パンク
反撃,はんげき
判決,はんけつ
反射,はんしゃ
繁盛,はんじょう
繁殖,はんしょく
反する,はんする
判定,はんてい
万人,ばんにん
晩年,ばんねん
反応,はんのう
万能,ばんのう
半端,はんぱ
反発,はんぱつ
反乱,はんらん
氾濫,はんらん
美,び
ひいては,ひいては
ビールス,ビールス
控室,ひかえしつ
控える,ひかえる
悲観,ひかん
引き上げる,ひきあげる
率いる,ひきいる
引き起こす,ひきおこす
引下げる,ひきさげる
引きずる,ひきずる
引取る,ひきとる
否決,ひけつ
日頃,ひごろ
久しい,ひさしい
悲惨,ひさん
ビジネス,ビジネス
比重,ひじゅう
美術,びじゅつ
秘書,ひしょ
微笑,びしょう
歪む,ひずむ
密か,ひそか
浸す,ひたす
ひたすら,ひたすら
左利き,ひだりきき
引っ掻く,ひっかく
必修,ひっしゅう
びっしょり,びっしょり
必然,ひつぜん
匹敵,ひってき
一息,ひといき
人影,ひとかげ
人柄,ひとがら
人気,ひとけ
一頃,ひところ
人質,ひとじち
一筋,ひとすじ
人目,ひとめ
日取り,ひどり
雛,ひな
雛祭,ひなまつり
日向,ひなた
非難,ひなん
避難,ひなん
日の丸,ひのまる
火花,ひばな
ひび (かべの～),ひび (かべの～)
悲鳴,ひめい
冷やかす,ひやかす
日焼け,ひやけ
標語,ひょうご
描写,びょうしゃ
ひょっと,ひょっと
びら,びら
平たい,ひらたい
びり,びり
比率,ひりつ
就任,しゅうにん
周辺,しゅうへん
重役,じゅうやく
終了,しゅうりょう
重量,じゅうりょう
重力,じゅうりょく
熟語,じゅくご
祝日,しゅくじつ
縮小,しゅくしょう
受験,じゅけん
主語,しゅご
主人,しゅじん
出勤,しゅっきん
述語,じゅつご
出張,しゅっちょう
寿命,じゅみょう
主役,しゅやく
受話器,じゅわき
循環,じゅんかん
巡査,じゅんさ
順々,じゅんじゅん
順序,じゅんじょ
純情,じゅんじょう
純粋,じゅんすい
初～,しょ～
諸～,しょ～
～所,～しょ
～所,～じょ
女～,じょ～
～女,～じょ
省～,しょう～
～省,～しょう
～商,～しょう
～勝,～しょう
～条,～じょう
～場,～じょう
～畳,～じょう
消化,しょうか
小学生,しょうがくせい
しょうがない,しょうがない
将棋,しょうぎ
蒸気,じょうき
定規,じょうぎ
上級,じょうきゅう
商業,しょうぎょう
消極的,しょうきょくてき
賞金,しょうきん
上下,じょうげ
障子,しょうじ
商社,しょうしゃ
乗車,じょうしゃ
上旬,じょうじゅん
生ずる,しょうずる
小数,しょうすう
商店,しょうてん
焦点,しょうてん
消毒,しょうどく
勝敗,しょうはい
蒸発,じょうはつ
上品,じょうひん
勝負,しょうぶ
小便,しょうべん
消防署,しょうぼうしょ
正味,しょうみ
正面,しょうめん
消耗,しょうもう
初級,しょきゅう
助教授,じょきょうじゅ
～色,～しょく
食塩,しょくえん
職人,しょくにん
職場,しょくば
初旬,しょじゅん
書籍,しょせき
食器,しょっき
ショップ,ショップ
書店,しょてん
書道,しょどう
初歩,しょほ
白髪,しらが
シリーズ,シリーズ
私立,しりつ
資料,しりょう
汁,しる
素人,しろうと
しわ (かおの～),しわ (かおの～)
芯,しん
新幹線,しんかんせん
真空,しんくう
人事,じんじ
信ずる,しんずる
心身,しんしん
申請,しんせい
人造,じんぞう
寝台,しんだい
診断,しんだん
侵入,しんにゅう
人文科学,じんぶんかがく
人命,じんめい
深夜,しんや
森林,しんりん
親類,しんるい
針路,しんろ
神話,しんわ
水産,すいさん
炊事,すいじ
水蒸気,すいじょうき
水素,すいそ
垂直,すいちょく
推定,すいてい
水滴,すいてき
水筒,すいとう
随筆,ずいひつ
水分,すいぶん
水平,すいへい
水平線,すいへいせん
水面,すいめん
図々しい,ずうずうしい
ずうっと,ずうっと
末っ子,すえっこ
スカーフ,スカーフ
図鑑,ずかん
隙,すき
杉,すぎ
好き嫌い,すききらい
好き好き,すきずき
透き通る,すきとおる
隙間,すきま
～過ぎる,～すぎる
スクール,スクール
図形,ずけい
鈴,すず
涼む,すずむ
スタート,スタート
スチュワーデス,スチュワーデス
すっきり,すっきり
ステージ,ステージ
ストッキング,ストッキング
ストップ,ストップ
素直,すなお
頭脳,ずのう
スピーカー,スピーカー
図表,ずひょう
スマート,スマート
住まい,すまい
すまない,すまない
～済,～ずみ
相撲,すもう
スライド,スライド
ずらす,ずらす
ずらり,ずらり
スリッパ,スリッパ
狡い,ずるい
寸法,すんぽう
税関,ぜいかん
製作,せいさく
制作,せいさく
清書,せいしょ
青少年,せいしょうねん
整数,せいすう
清掃,せいそう
生存,せいぞん
政党,せいとう
性能,せいのう
整備,せいび
成分,せいぶん
性別,せいべつ
正方形,せいほうけい
正門,せいもん
成立,せいりつ
西暦,せいれき
背負う,せおう
～席,～せき
赤道,せきどう
折角,せっかく
接近,せっきん
接する,せっする
せっせと,せっせと
接続,せつぞく
瀬戸物,せともの
ぜひとも,ぜひとも
迫る,せまる
ゼミ,ゼミ
せめて,せめて
セメント,セメント
台詞,せりふ
栓,せん
～船,～せん
～戦,～せん
前～,ぜん～
～前,～ぜん
前後,ぜんご
全集,ぜんしゅう
扇子,せんす
専制,せんせい
先々月,せんせんげつ
先々週,せんせんしゅう
先祖,せんぞ
先端,せんたん
センチ,センチ
先頭,せんとう
全般,ぜんぱん
扇風機,せんぷうき
洗面,せんめん
全力,ぜんりょく
線路,せんろ
～沿い,～そい
総～,そう～
～艘,～そう
相違,そうい
そういえば,そういえば
雑巾,ぞうきん
増減,ぞうげん
倉庫,そうこ
相互,そうご
創作,そうさく
葬式,そうしき
造船,ぞうせん
騒々しい,そうぞうしい
増大,ぞうだい
そうっと,そうっと
送別,そうべつ
草履,ぞうり
総理大臣,そうりだいじん
送料,そうりょう
～足,～そく
属する,ぞくする
続々,ぞくぞく
速達,そくたつ
測定,そくてい
測量,そくりょう
速力,そくりょく
素質,そしつ
祖先,そせん
そそっかしい,そそっかしい
卒直,そっちょく
そのころ,そのころ
そのため,そのため
その他,そのほか
剃る,そる
それなのに,それなのに
それなら,それなら
それはいけませんね (かん),それはいけませんね (かん)
逸れる,それる
算盤,そろばん
存じる,ぞんじる
存ずる,ぞんずる
損得,そんとく
田ぼ,たんぼ
第～,だい～
だいいち (とりわけ),だいいち (とりわけ)
大学院,だいがくいん
大工,だいく
体系,たいけい
太鼓,たいこ
対策,たいさく
大して,たいして
大小,だいしょう
体制,たいせい
体積,たいせき
大層,たいそう
体操,たいそう
大分,だいぶん
大木,たいぼく
代名詞,だいめいし
タイア,タイア
ダイヤグラム,ダイヤグラム
ダイヤモンド,ダイヤモンド
ダイヤル,ダイヤル
対立,たいりつ
田植え,たうえ
絶えず,たえず
楕円,だえん
耕す,たがやす
滝,たき
蓄える,たくわえる
竹,たけ
ただいま,ただいま
但し,ただし
立ち止まる,たちどまる
たちまち,たちまち
発,はつ
脱線,だっせん
妥当,だとう
例える,たとえる
頼もしい,たのもしい
ダブル,ダブル
ダム,ダム
溜息,ためいき
ためらう,ためらう
～だらけ,～だらけ
だらしない,だらしない
足る,たる
短～,たん～
～団,～だん
オーケストラ,オーケストラ
おおざっぱ,おおざっぱ
大通り,おおどおり
オートメーション,オートメーション
大凡,おおよそ
お帰り,おかえり
おかけください,おかけください
おかげさまで,おかげさまで
おかず,おかず
おかまいなく,おかまいなく
拝む,おがむ
お代わり,おかわり
補う,おぎなう
お気の毒に,おきのどくに
屋外,おくがい
送り仮名,おくりがな
お元気で,おげんきで
怠る,おこたる
お先に,おさきに
伯父,おじ
叔父,おじ
惜しい,おしい
伯父さん,おじさん
小父さん,おじさん
叔父さん,おじさん
お邪魔します,おじゃまします
お世話になりました,おせわになりました
お大事に,おだいじに
落着く,おちつく
お出掛け,おでかけ
お手伝いさん,おてつだいさん
脅かす,おどかす
落し物,おとしもの
驚かす,おどろかす
お願いします,おねがいします
各々,おのおの
伯母,おば
叔母,おば
小母さん,おばさん
おはよう,おはよう
お参り,おまいり
お待たせしました,おまたせしました
お待ちください,おまちください
おまちどおさま,おまちどおさま
おめでたい,おめでたい
思い掛けない,おもいがけない
思い切り,おもいきり
思い込む,おもいこむ
思いっ切り,おもいっきり
重たい,おもたい
お休み,おやすみ
おやつ,おやつ
親指,おやゆび
オルガン,オルガン
恩恵,おんけい
温室,おんしつ
温泉,おんせん
温帯,おんたい
御中,おんちゅう
女の人,おんなのひと
～日,～か
～下,～か
～化,～か
～科,～か
～歌,～か
～画,～が
カーブ,カーブ
外～,がい～
～外,～がい
開会,かいかい
会館,かいかん
改札,かいさつ
解散,かいさん
海水浴,かいすいよく
回数,かいすう
回数券,かいすうけん
改正,かいせい
快晴,かいせい
解説,かいせつ
改造,かいぞう
開通,かいつう
回転,かいてん
解答,かいとう
回答,かいとう
外部,がいぶ
解放,かいほう
開放,かいほう
海洋,かいよう
概論,がいろん
却って,かえって
家屋,かおく
係わる,かかわる
書留,かきとめ
書取,かきとり
垣根,かきね
限り,かぎり
各～,かく～
架空,かくう
各自,かくじ
拡充,かくじゅう
学術,がくじゅつ
各地,かくち
拡張,かくちょう
角度,かくど
学年,がくねん
格別,かくべつ
確率,かくりつ
学力,がくりょく
掛け算,かけざん
可決,かけつ
火口,かこう
下降,かこう
火山,かざん
かしこまりました,かしこまりました
貸し出し,かしだし
過失,かしつ
果実,かじつ
貸間,かしま
貸家,かしや
箇所,かしょ
過剰,かじょう
かじる,かじる
課税,かぜい
下線,かせん
カセット,カセット
加速,かそく
加速度,かそくど
塊,かたまり
固まる,かたまる
片道,かたみち
傾く,かたむく
片寄る,かたよる
～がち,～がち
学科,がっか
学会,がっかい
学級,がっきゅう
担ぐ,かつぐ
括弧,かっこ
活字,かつじ
勝手に,かってに
活力,かつりょく
仮名,かな
仮名遣い,かなづかい
加熱,かねつ
兼ねる,かねる
カバー,カバー
過半数,かはんすう
かび (～がはえる),かび (～がはえる)
被せる,かぶせる
釜,かま
構いません,かまいません
紙屑,かみくず
神様,かみさま
剃刀,かみそり
ガム,ガム
貨物,かもつ
カラー,カラー
からかう,からかう
空っぽ,からっぽ
かるた,かるた
枯れる,かれる
カロリー,カロリー
可愛がる,かわいがる
為替,かわせ
瓦,かわら
～刊,～かん
～間,～かん
～巻,～かん
～館,～かん
～感,～かん
換気,かんき
感激,かんげき
関西,かんさい
元日,がんじつ
鑑賞,かんしょう
感ずる,かんずる
間接,かんせつ
観測,かんそく
寒帯,かんたい
官庁,かんちょう
勘違い,かんちがい
缶詰,かんづめ
乾電池,かんでんち
関東,かんとう
観念,かんねん
乾杯,かんぱい
看板,かんばん
看病,かんびょう
冠,かんむり
漢和,かんわ
～期,～き
～器,～き
～機,～き
気圧,きあつ
着替え,きがえ
着替える,きがえる
機関車,きかんしゃ
飢饉,ききん
器具,きぐ
記号,きごう
刻む,きざむ
儀式,ぎしき
基準,きじゅん
規準,きじゅん
起床,きしょう
着せる,きせる
基礎,きそ
基地,きち
きっかけ,きっかけ
ぎっしり,ぎっしり
基盤,きばん
～気味,～ぎみ
客席,きゃくせき
客間,きゃくま
ギャング,ギャング
キャンパス,キャンパス
休業,きゅうぎょう
休講,きゅうこう
給与,きゅうよ
休養,きゅうよう
清い,きよい
～教,～きょう
～行,～ぎょう
～業,～ぎょう
強化,きょうか
境界,きょうかい
共産～,きょうさん～
行事,ぎょうじ
恐縮,きょうしゅく
教養,きょうよう
行列,ぎょうれつ
漁業,ぎょぎょう
曲線,きょくせん
規律,きりつ
斬る,きる
～きる,～きる
～切れ,～きれ
気を付ける,きをつける
金魚,きんぎょ
区域,くいき
空～,くう～
偶数,ぐうすう
空想,くうそう
空中,くうちゅう
クーラー,クーラー
釘,くぎ
区切る,くぎる
櫛,くし
くしゃみ,くしゃみ
苦情,くじょう
苦心,くしん
屑,くず
崩す,くずす
薬指,くすりゆび
崩れる,くずれる
砕く,くだく
砕ける,くだける
くたびれる,くたびれる
くだらない,くだらない
～口,～くち
唇,くちびる
口紅,くちべに
くっつく,くっつく
くっつける,くっつける
くどい,くどい
句読点,くとうてん
配る,くばる
工夫,くふう
区分,くぶん
組合せ,くみあわせ
組み立てる,くみたてる
悔やむ,くやむ
クリーニング,クリーニング
くるむ,くるむ
くれぐれも,くれぐれも
～家,～け
～形,～けい
～系,～けい
稽古,けいこ
敬語,けいご
蛍光灯,けいこうとう
形式,けいしき
継続,けいぞく
毛糸,けいと
経度,けいど
系統,けいとう
芸能,げいのう
競馬,けいば
警備,けいび
形容詞,けいようし
形容動詞,けいようどうし
外科,げか
毛皮,けがわ
激増,げきぞう
下車,げしゃ
下旬,げじゅん
下水,げすい
削る,けずる
桁,けた
下駄,げた
血圧,けつあつ
月給,げっきゅう
傑作,けっさく
月末,げつまつ
気配,けはい
下品,げひん
煙い,けむい
険しい,けわしい
～圏,～けん
現～,げん～
見学,けんがく
謙虚,けんきょ
原稿,げんこう
原産,げんさん
原始,げんし
研修,けんしゅう
厳重,げんじゅう
謙遜,けんそん
県庁,けんちょう
限度,げんど
現に,げんに
顕微鏡,けんびきょう
懸命,けんめい
原理,げんり
原料,げんりょう
小～,こ～
恋しい,こいしい
高～,こう～
～校,～こう
～港,～こう
～号,～ごう
工員,こういん
強引,ごういん
公害,こうがい
高級,こうきゅう
公共,こうきょう
工芸,こうげい
孝行,こうこう
交差,こうさ
講師,こうし
工事,こうじ
公式,こうしき
口実,こうじつ
こうして,こうして
公衆,こうしゅう
香水,こうすい
功績,こうせき
光線,こうせん
高層,こうそう
構造,こうぞう
交替,こうたい
耕地,こうち
交通機関,こうつうきかん
校庭,こうてい
肯定,こうてい
高度,こうど
高等,こうとう
合同,ごうどう
高等学校,こうとうがっこう
公表,こうひょう
鉱物,こうぶつ
公務,こうむ
項目,こうもく
紅葉,こうよう
合理,ごうり
交流,こうりゅう
合流,ごうりゅう
効力,こうりょく
コース,コース
コーラス,コーラス
焦がす,こがす
～国,～こく
国王,こくおう
国立,こくりつ
ご苦労様,ごくろうさま
焦げる,こげる
凍える,こごえる
心当たり,こころあたり
心得る,こころえる
腰掛け,こしかけ
腰掛ける,こしかける
五十音,ごじゅうおん
こしらえる,こしらえる
擦る,こする
個体,こたい
ごちそうさま,ごちそうさま
こちらこそ,こちらこそ
小遣い,こづかい
コック,コック
こっそり,こっそり
古典,こてん
～毎,～ごと
〜 (まる) ごと,〜 (まる) ごと
言付ける,ことづける
言葉遣い,ことばづかい
こないだ,こないだ
御無沙汰,ごぶさた
ゴム,ゴム
御免,ごめん
ごめんください,ごめんください
小指,こゆび
堪える,こらえる
娯楽,ごらく
御覧,ごらん
コレクション,コレクション
転がす,ころがす
転がる,ころがる
紺,こん
今～,こん～
コンクール,コンクール
コンクリート,コンクリート
混合,こんごう
コンセント,コンセント
献立,こんだて
こんばんは,こんばんは
サークル,サークル
再～,さい～
最～,さい～
在学,ざいがく
再三,さいさん
祭日,さいじつ
催促,さいそく
採点,さいてん
災難,さいなん
裁縫,さいほう
材木,ざいもく
サイレン,サイレン
逆さ,さかさ
逆様,さかさま
捜す,さがす
遡る,さかのぼる
酒場,さかば
一昨昨日,さきおととい
先程,さきほど
索引,さくいん
作者,さくしゃ
削除,さくじょ
作成,さくせい
作製,さくせい
探る,さぐる
囁く,ささやく
匙,さじ
座敷,ざしき
差し支え,さしつかえ
差し引き,さしひき
刺身,さしみ
(かさを～) さす,(かさを～) さす
流石,さすが
撮影,さつえい
雑音,ざつおん
さっさと,さっさと
早速,さっそく
錆,さび
錆びる,さびる
座布団,ざぶとん
妨げる,さまたげる
さようなら,さようなら
サラリーマン,サラリーマン
騒がしい,さわがしい
さわやか,さわやか
～山,～さん
～産,～さん
三角,さんかく
算数,さんすう
産地,さんち
サンプル,サンプル
山林,さんりん
～史,～し
～紙,～し
～寺,～じ
仕上がる,しあがる
明明後日,しあさって
シーズン,シーズン
シーツ,シーツ
寺院,じいん
しいんと (する),しいんと (する)
自衛,じえい
塩辛い,しおからい
司会,しかい
四角い,しかくい
仕方がない,しかたがない
～時間目,～じかんめ
時間割,じかんわり
〜(日本) 式,～(にほん) しき
敷地,しきち
敷く,しく
茂る,しげる
持参,じさん
磁石,じしゃく
四捨五入,ししゃごにゅう
始終,しじゅう
自習,じしゅう
静まる,しずまる
姿勢,しせい
自然科学,しぜんかがく
時速,じそく
子孫,しそん
死体,したい
下書き,したがき
自宅,じたく
下町,したまち
自治,じち
室～,しつ～
～室,～しつ
～日,～じつ
実感,じっかん
湿気,しっき
しつこい,しつこい
実習,じっしゅう
実績,じっせき
執筆,しっぴつ
実物,じつぶつ
しっぽ,しっぽ
実用,じつよう
しつれいしました (かん),しつれいしました (かん)
実例,じつれい
失恋,しつれん
指定,してい
私鉄,してつ
縛る,しばる
地盤,じばん
しびれる,しびれる
紙幣,しへい
しぼむ,しぼむ
絞る,しぼる
縞,しま
～おしまい (おわり),～おしまい (おわり)
しみじみ,しみじみ
氏名,しめい
締切,しめきり
締め切る,しめきる
しめた (かん),しめた (かん)
地面,じめん
～車,～しゃ
～者,～しゃ
～社,～しゃ
ジャーナリスト,ジャーナリスト
社会科学,しゃかいかがく
しゃがむ,しゃがむ
蛇口,じゃぐち
弱点,じゃくてん
車庫,しゃこ
車掌,しゃしょう
写生,しゃせい
社説,しゃせつ
しゃっくり,しゃっくり
シャッター,シャッター
しゃぶる,しゃぶる
車輪,しゃりん
洒落,しゃれ
じゃんけん,じゃんけん
～手,～しゅ
～酒,～しゅ
～集,～しゅう
重～,じゅう～
集会,しゅうかい
集金,しゅうきん
集合,しゅうごう
習字,しゅうじ
修繕,しゅうぜん
じゅうたん (カーペット),じゅうたん (カーペット)
終点,しゅうてん
重点,じゅうてん
リズム,リズム
リットル,リットル
リボン,リボン
略す,りゃくす
～流,～りゅう
流域,りゅういき
両～,りょう～
～料,～りょう
～領,～りょう
両側,りょうがわ
漁師,りょうし
領事,りょうじ
領収,りょうしゅう
～力,～りょく
臨時,りんじ
留守番,るすばん
零点,れいてん
冷凍,れいとう
レインコート,レインコート
レクリェーション,レクリェーション
レジャー,レジャー
列島,れっとう
リポート,リポート
煉瓦,れんが
連合,れんごう
レンズ,レンズ
ろうそく,ろうそく
ローマ字,ローマじ
録音,ろくおん
ロッカー,ロッカー
ロビー,ロビー
～論,～ろん
論ずる,ろんずる
和～,わ～
～羽,～わ
和英,わえい
我～,わが～
若々しい,わかわかしい
詫びる,わびる
和服,わふく
割合に,わりあいに
割算,わりざん
割と,わりと
割引,わりびき
ワンピース,ワンピース
アイデア; アイディア,アイデア; アイディア
あいまい,あいまい
扇ぐ,あおぐ
青白い,あおじろい
呆れる,あきれる
アクセント,アクセント
あくび,あくび
飽くまで,あくまで
明くる～,あくる～
明け方,あけがた
憧れる,あこがれる
朝寝坊,あさねぼう
足跡,あしあと
足元,あしもと
味わう,あじわう
あちらこちら,あちらこちら
厚かましい,あつかましい
圧縮,あっしゅく
宛名,あてな
当てはまる,あてはまる
当てはめる,あてはめる
暴れる,あばれる
あぶる,あぶる
あふれる,あふれる
雨戸,あまど
甘やかす,あまやかす
余る,あまる
編み物,あみもの
編む,あむ
危うい,あやうい
怪しい,あやしい
荒い,あらい
粗い,あらい
粗筋,あらすじ
改めて,あらためて
改める,あらためる
有難い,ありがたい
あれこれ,あれこれ
荒れる,あれる
慌ただしい,あわただしい
安易,あんい
アンテナ,アンテナ
～位,～い
言い出す,いいだす
言い付ける,いいつける
意義,いぎ
生き生き,いきいき
いきなり,いきなり
幾～,いく～
育児,いくじ
幾分,いくぶん
生け花,いけばな
以後,いご
以降,いこう
イコール,イコール
勇ましい,いさましい
衣食住,いしょくじゅう
～いち (にほんいち),～いち (にほんいち)
いちいち,いちいち
一応,いちおう
一段と,いちだんと
一流,いちりゅう
一昨日,いっさくじつ
一昨年,いっさくねん
一斉,いっせい
一旦,いったん
一定,いってい
行っていらっしゃい,いっていらっしゃい
行ってらっしゃい,いってらっしゃい
いってまいります,いってまいります
いってきます,いってきます
移転,いてん
井戸,いど
緯度,いど
威張る,いばる
嫌がる,いやがる
いよいよ,いよいよ
煎る,いる
炒る,いる
入れ物,いれもの
インキ,インキ
引力,いんりょく
ウーマン,ウーマン
ウール,ウール
ウエートレス,ウエートレス
植木,うえき
飢える,うえる
浮ぶ,うかぶ
浮かべる,うかべる
浮く,うく
承る,うけたまわる
受取,うけとり
受け持つ,うけもつ
薄暗い,うすぐらい
薄める,うすめる
打合せ,うちあわせ
打ち消す,うちけす
うどん,うどん
うなずく,うなずく
敬う,うやまう
裏返す,うらがえす
裏口,うらぐち
占う,うらなう
恨み,うらみ
恨む,うらむ
羨む,うらやむ
売上,うりあげ
売り切れ,うりきれ
売り切れる,うりきれる
売行き,うれゆき
うろうろ,うろうろ
上～,うわ～
運河,うんが
うんと,うんと
英文,えいぶん
英和,えいわ
ええと,ええと
液体,えきたい
エチケット,エチケット
絵の具,えのぐ
エプロン,エプロン
偉い,えらい
～園,～えん
宴会,えんかい
園芸,えんげい
演劇,えんげき
円周,えんしゅう
遠足,えんそく
延長,えんちょう
煙突,えんとつ
御～,おん～
追いかける,おいかける
追い越す,おいこす
オイル,オイル
王女,おうじょ
応ずる,おうずる
応接,おうせつ
応対,おうたい
往復,おうふく
欧米,おうべい
応用,おうよう
電波,でんぱ
テンポ,テンポ
電流,でんりゅう
電力,でんりょく
問い合わせ,といあわせ
～頭,～とう
～等,～とう
～島,～とう
銅,どう
同～,どう～
～道,～どう
どういたしまして (かん),どういたしまして (かん)
統一,とういつ
同格,どうかく
峠,とうげ
統計,とうけい
動作,どうさ
東西,とうざい
当日,とうじつ
投書,とうしょ
登場,とうじょう
どうせ,どうせ
灯台,とうだい
盗難,とうなん
当番,とうばん
等分,とうぶん
透明,とうめい
灯油,とうゆ
童話,どうわ
～通り,～とおり
通り掛かる,とおりかかる
溶かす,とかす
尖る,とがる
どきどき,どきどき
特殊,とくしゅ
特色,とくしょく
特定,とくてい
特売,とくばい
溶け込む,とけこむ
退ける,どける
床の間,とこのま
～ところ,～ところ
所々,ところどころ
都心,としん
戸棚,とだな
とっくに,とっくに
どっと,どっと
整う,ととのう
留まる,とどまる
怒鳴る,どなる
殿,どの
飛び込む,とびこむ
留まる,とまる
ともかく,ともかく
捕える,とらえる
取り入れる,とりいれる
取り消す,とりけす
取り出す,とりだす
採る,とる
捕る,とる
丼,どんぶり
～内,～ない
内科,ないか
内線,ないせん
ナイロン,ナイロン
長～,なが～
仲直り,なかなおり
長引く,ながびく
中指,なかゆび
仲良し,なかよし
慰める,なぐさめる
為す,なす
謎謎,なぞなぞ
傾らか,なだらか
懐かしい,なつかしい
撫でる,なでる
斜め,ななめ
なにしろ,なにしろ
何々,なになに
何分,なにぶん
生意気,なまいき
並木,なみき
倣う,ならう
南極,なんきょく
なんとなく,なんとなく
なんとも,なんとも
ナンバー,ナンバー
南米,なんべい
南北,なんぼく
匂う,におう
逃がす,にがす
憎い,にくい
～難い,～がたい
憎む,にくむ
憎らしい,にくらしい
にこにこ,にこにこ
濁る,にごる
虹,にじ
日時,にちじ
日用品,にちようひん
日課,にっか
日程,にってい
鈍い,にぶい
入社,にゅうしゃ
女房,にょうぼう
睨む,にらむ
俄,にわか
縫う,ぬう
ねじ,ねじ
捩る,ねじる
ネックレス,ネックレス
熱する,ねっする
寝間着,ねまき
寝巻,ねまき
狙い,ねらい
狙う,ねらう
～年生,～ねんせい
年度,ねんど
農産物,のうさんぶつ
農村,のうそん
濃度,のうど
農薬,のうやく
能率,のうりつ
のこぎり,のこぎり
残らず,のこらず
上り,のぼり
糊,のり
乗換,のりかえ
乗り越し,のりこし
鈍い,のろい
のろのろ,のろのろ
呑気,のんき
はい (かん),はい (かん)
灰色,はいいろ
俳句,はいく
売店,ばいてん
バイバイ,バイバイ
売買,ばいばい
這う,はう
剥す,はがす
ばからしい,ばからしい
秤,はかり
吐き気,はきけ
はきはき,はきはき
～泊,～はく
歯車,はぐるま
バケツ,バケツ
挟まる,はさまる
挟む,はさむ
梯子,はしご
始めに,はじめに
初めに,はじめに
はじめまして,はじめまして
斜,はす
パターン,パターン
肌着,はだぎ
果して,はたして
鉢,はち
～発,～はつ
×,ばつ
発揮,はっき
バック,バック
発想,はっそう
発電,はつでん
発売,はつばい
話合い,はなしあい
話し掛ける,はなしかける
話中,はなしちゅう
甚だしい,はなはだしい
花火,はなび
花嫁,はなよめ
ばね,ばね
跳ねる,はねる
破片,はへん
歯磨き,はみがき
はめる,はめる
早口,はやくち
払い込む,はらいこむ
払い戻す,はらいもどす
針金,はりがね
張り切る,はりきる
反～,はん～
反映,はんえい
半径,はんけい
判子,はんこ
万歳,ばんざい
判事,はんじ
番地,ばんち
パンツ,パンツ
バンド,バンド
半島,はんとう
ハンドル,ハンドル
～番目,～ばんめ
非～,ひ～
～費,～ひ
日当たり,ひあたり
日帰り,ひがえり
比較的,ひかくてき
日陰,ひかげ
ぴかぴか,ぴかぴか
引受る,ひきうける
引き返す,ひきかえす
引算,ひきざん
引き出す,ひきだす
引き止める,ひきとめる
卑怯,ひきょう
引分け,ひきわけ
陽射,ひざし
肘,ひじ
ピストル,ピストル
ビタミン,ビタミン
ぴたり,ぴたり
引っ掛かる,ひっかかる
筆記,ひっき
引っ繰り返す,ひっくりかえす
引っ繰り返る,ひっくりかえる
引っ込む,ひっこむ
筆者,ひっしゃ
必需品,ひつじゅひん
一～,ひと～
人差指,ひとさしゆび
一通り,ひととおり
人通り,ひとどおり
ひとまず,ひとまず
瞳,ひとみ
一休み,ひとやすみ
独り言,ひとりごと
ひとりでに,ひとりでに
ビニール,ビニール
皮肉,ひにく
日日,ひにち
捻る,ひねる
日の入り,ひのいり
日の出,ひので
響き,ひびき
響く,ひびく
皮膚,ひふ
ひゃっかじてん,ひゃっかじてん
美容,びよう
～病,～びょう
表紙,ひょうし
標識,ひょうしき
標準,ひょうじゅん
標本,ひょうほん
評論,ひょうろん
ビルディング,ビルディング
昼寝,ひるね
広さ,ひろさ
広場,ひろば
広々,ひろびろ
ピンク,ピンク
便箋,びんせん
瓶詰,びんづめ
～部,～ぶ
ファスナー,ファスナー
～風,～ふう
風船,ふうせん
不運,ふうん
不規則,ふきそく
普及,ふきゅう
付近,ふきん
副～,ふく～
副詞,ふくし
複写,ふくしゃ
複数,ふくすう
膨らます,ふくらます
膨らむ,ふくらむ
不潔,ふけつ
更ける,ふける
符号,ふごう
夫妻,ふさい
塞がる,ふさがる
塞ぐ,ふさぐ
ふざける,ふざける
無沙汰,ぶさた
武士,ぶし
部首,ぶしゅ
襖,ふすま
附属,ふぞく
蓋,ふた
物騒,ぶっそう
ぶつぶつ,ぶつぶつ
船便,ふなびん
部品,ぶひん
吹雪,ふぶき
父母,ふぼ
踏切,ふみきり
麓,ふもと
フライパン,フライパン
ブラウス,ブラウス
ぶらさげる,ぶらさげる
ブラシ,ブラシ
プラットホーム,プラットホーム
～振り,～ぶり
フリー,フリー
振り仮名,ふりがな
振り向く,ふりむく
プリント,プリント
古～,ふる～
故郷,ふるさと
古里,ふるさと
振舞う,ふるまう
ブローチ,ブローチ
プログラム,プログラム
風呂敷,ふろしき
ふわふわ,ふわふわ
噴火,ふんか
分解,ぶんかい
文芸,ぶんげい
文献,ぶんけん
噴水,ふんすい
分数,ぶんすう
文体,ぶんたい
分布,ぶんぷ
文房具,ぶんぼうぐ
文脈,ぶんみゃく
分量,ぶんりょう
分類,ぶんるい
閉会,へいかい
平気,へいき
並行,へいこう
平日,へいじつ
兵隊,へいたい
平凡,へいぼん
平野,へいや
凹む,へこむ
へそ,へそ
隔てる,へだてる
別荘,べっそう
別々,べつべつ
ベテラン,ベテラン
ヘリコプター,ヘリコプター
～遍,～へん
～弁,～べん
編集,へんしゅう
便所,べんじょ
ペンチ,ペンチ
～歩,～ほ
～ぽい,～ぽい
～ほう (ひかく),～ほう (ひかく)
防～,ぼう～
望遠鏡,ぼうえんきょう
方角,ほうがく
箒,ほうき
方言,ほうげん
坊さん,ぼうさん
防止,ぼうし
方針,ほうしん
法則,ほうそく
包帯,ほうたい
膨大,ぼうだい
包丁,ほうちょう
方程式,ほうていしき
防犯,ぼうはん
方面,ほうめん
坊や,ぼうや
放る,ほうる
ボーナス,ボーナス
朗らか,ほがらか
牧場,ぼくじょう
牧畜,ぼくちく
保健,ほけん
募集,ぼしゅう
干す,ほす
ポスター,ポスター
北極,ほっきょく
坊っちゃん,ぼっちゃん
解く,ほどく
掘る,ほる
彫る,ほる
ぼろ,ぼろ
盆,ぼん
盆地,ぼんち
ほんの～,ほんの～
本部,ほんぶ
本来,ほんらい
まあまあ,まあまあ
毎～,まい～
枚数,まいすう
毎度,まいど
枕,まくら
曲げる,まげる
まごまご,まごまご
摩擦,まさつ
マスク,マスク
またぐ,またぐ
待合室,まちあいしつ
待ち合わせる,まちあわせる
街角,まちかど
真っ暗,まっくら
真っ黒,まっくろ
真っ青,まっさお
真っ先,まっさき
真っ白,まっしろ
祭る,まつる
窓口,まどぐち
真似る,まねる
まぶた,まぶた
マフラー,マフラー
間も無く,まもなく
マラソン,マラソン
稀,まれ
回り道,まわりみち
満員,まんいん
マンション,マンション
満点,まんてん
未～,み～
見上げる,みあげる
見送る,みおくる
見下ろす,みおろす
見掛け,みかけ
三日月,みかづき
岬,みさき
みじめ,みじめ
ミシン,ミシン
自ら,みずから
水着,みずぎ
店屋,みせや
～みたい,～みたい
見出し,みだし
道順,みちじゅん
みっともない,みっともない
見詰める,みつめる
見直す,みなおす
見慣れる,みなれる
醜い,みにくい
実る,みのる
身分,みぶん
見本,みほん
見舞う,みまう
未満,みまん
名字,みょうじ
ミリ (メートル),ミリ (メートル)
民間,みんかん
民主～,みんしゅ～
民謡,みんよう
～向け,～むけ
無限,むげん
無地,むじ
矛盾,むじゅん
無数,むすう
紫,むらさき
群れ,むれ
姪,めい
名～,めい～
～名,～めい
名作,めいさく
名所,めいしょ
命ずる,めいずる
迷信,めいしん
名物,めいぶつ
銘々,めいめい
恵まれる,めぐまれる
巡る,めぐる
目指す,めざす
目覚し,めざまし
目下,めした
目印,めじるし
目立つ,めだつ
めちゃくちゃ,めちゃくちゃ
めっきり,めっきり
めでたい,めでたい
メニュー,メニュー
めまい,めまい
目安,めやす
免税,めんぜい
面積,めんせき
面倒臭い,めんどうくさい
儲かる,もうかる
儲ける,もうける
申し訳ない,もうしわけない
モーター,モーター
木材,もくざい
目次,もくじ
潜る,もぐる
もしかしたら,もしかしたら
もたれる,もたれる
モダン,モダン
餅,もち
～もち,～もち
モデル,モデル
元々,もともと
物置,ものおき
物語る,ものがたる
物差し,ものさし
物凄い,ものすごい
モノレール,モノレール
紅葉,もみじ
揉む,もむ
催し,もよおし
盛る,もる
～問,～もん
問答,もんどう
～夜,～や
やかましい,やかましい
夜間,やかん
やかん,やかん
役者,やくしゃ
役所,やくしょ
役人,やくにん
薬品,やくひん
役目,やくめ
火傷,やけど
夜行,やこう
矢印,やじるし
やたらに,やたらに
薬局,やっきょく
やっつける,やっつける
家主,やぬし
やっぱり,やっぱり
破く,やぶく
やむをえない,やむをえない
軟らかい,やわらかい
遊園地,ゆうえんち
夕刊,ゆうかん
郵送,ゆうそう
夕立,ゆうだち
夕日,ゆうひ
悠々,ゆうゆう
有料,ゆうりょう
浴衣,ゆかた
行方,ゆくえ
湯気,ゆげ
輸血,ゆけつ
輸送,ゆそう
油断,ゆだん
湯飲み,ゆのみ
緩い,ゆるい
溶岩,ようがん
用語,ようご
要旨,ようし
幼児,ようじ
容積,ようせき
幼稚,ようち
幼稚園,ようちえん
用途,ようと
洋品店,ようひんてん
養分,ようぶん
羊毛,ようもう
漸く,ようやく
要領,ようりょう
翌～,よく～
欲張り,よくばり
余計,よけい
よこす,よこす
余所,よそ
四つ角,よつかど
酔っ払い,よっぱらい
予備,よび
呼び掛ける,よびかける
呼び出す,よびだす
蘇る,よみがえる
慶ぶ,よろこぶ
～等,～ら
来日,らいにち
落第,らくだい
ラッシュアワー,ラッシュアワー
欄,らん
ランチ,ランチ
ランニング,ランニング
乱暴,らんぼう
理科,りか
利害,りがい
段階,だんかい
短期,たんき
炭鉱,たんこう
短所,たんしょ
たんす,たんす
淡水,たんすい
断水,だんすい
単数,たんすう
団地,だんち
断定,だんてい
短編,たんぺん
誓う,ちかう
地下水,ちかすい
近々,ちかぢか
近付ける,ちかづける
近寄る,ちかよる
力強い,ちからづよい
ちぎる,ちぎる
地質,ちしつ
知人,ちじん
地帯,ちたい
縮む,ちぢむ
縮める,ちぢめる
縮れる,ちぢれる
チップ,チップ
地点,ちてん
地名,ちめい
茶色い,ちゃいろい
～着,～ちゃく
着々,ちゃくちゃく
中間,ちゅうかん
中旬,ちゅうじゅん
抽象,ちゅうしょう
中世,ちゅうせい
中性,ちゅうせい
中途,ちゅうと
中年,ちゅうねん
長～,ちょう～
～庁,～ちょう
～兆,～ちょう
～長,～ちょう
～帳,～ちょう
超過,ちょうか
彫刻,ちょうこく
長所,ちょうしょ
長女,ちょうじょ
調整,ちょうせい
調節,ちょうせつ
長短,ちょうたん
頂点,ちょうてん
長男,ちょうなん
長方形,ちょうほうけい
調味料,ちょうみりょう
～丁目,～ちょうめ
チョーク,チョーク
直後,ちょくご
直線,ちょくせん
直前,ちょくぜん
直通,ちょくつう
直流,ちょくりゅう
貯蔵,ちょぞう
直角,ちょっかく
直径,ちょっけい
散らかす,ちらかす
散らかる,ちらかる
塵紙,ちりがみ
追加,ついか
ついで,ついで
～通,～つう
通ずる,つうずる
通知,つうち
通帳,つうちょう
通用,つうよう
通路,つうろ
～遣い,～づかい
～付,～つき
突き当たり,つきあたり
突き当たる,つきあたる
月日,つきひ
～続く,～つづく
突っ込む,つっこむ
務める,つとめる
努める,つとめる
綱,つな
繋がり,つながり
粒,つぶ
潰す,つぶす
潰れる,つぶれる
つまずく,つまずく
詰まる,つまる
爪,つめ
艶,つや
強気,つよき
～辛い,～づらい
釣り合う,つりあう
吊る,つる
吊す,つるす
手洗い,てあらい
低～,てい～
定員,ていいん
定価,ていか
低下,ていか
定期券,ていきけん
定休日,ていきゅうび
停止,ていし
停車,ていしゃ
出入り,でいり
出入口,でいりぐち
手入れ,ていれ
テーマ,テーマ
～滴,～てき
出来上がり,できあがり
出来上がる,できあがる
的確,てきかく
適確,てきかく
手首,てくび
凸凹,でこぼこ
手頃,てごろ
弟子,でし
でたらめ,でたらめ
手帳,てちょう
鉄橋,てっきょう
手続き,てつづき
鉄砲,てっぽう
テニスコート,テニスコート
手拭い,てぬぐい
手前,てまえ
出迎え,でむかえ
照らす,てらす
照る,てる
～点,～てん
展開,てんかい
伝記,でんき
電球,でんきゅう
点数,てんすう
伝染,でんせん
電池,でんち
点々,てんてん
転々,てんてん
電柱,でんちゅう
天皇,てんのう
作法,さほう
様々,さまざま
冷ます,さます
覚ます,さます
冷める,さめる
覚める,さめる
左右,さゆう
皿,さら
更に,さらに
去る,さる
猿,さる
騒ぎ,さわぎ
参加,さんか
参考,さんこう
賛成,さんせい
酸性,さんせい
酸素,さんそ
氏,し
詩,し
幸せ,しあわせ
ジーンズ,ジーンズ
ジェット機,ジェットき
四角,しかく
直に,じかに
しかも,しかも
四季,しき
直,じき
時期,じき
支給,しきゅう
至急,しきゅう
しきりに,しきりに
刺激,しげき
資源,しげん
事件,じけん
時刻,じこく
自殺,じさつ
事実,じじつ
支出,ししゅつ
事情,じじょう
詩人,しじん
自身,じしん
沈む,しずむ
自然,しぜん
思想,しそう
舌,した
次第,しだい
従う,したがう
したがって,したがって
親しい,したしい
質,しつ
失業,しつぎょう
湿気,しっけ
実験,じっけん
実現,じつげん
実行,じっこう
実際,じっさい
実施,じっし
湿度,しつど
じっと,じっと
実に,じつに
実は,じつは
失望,しつぼう
実力,じつりょく
支店,してん
指導,しどう
自動,じどう
児童,じどう
品,しな
支配,しはい
芝居,しばい
しばしば,しばしば
芝生,しばふ
支払,しはらい
支払う,しはらう
死亡,しぼう
資本,しほん
姉妹,しまい
しまった (かん),しまった (かん)
自慢,じまん
地味,じみ
示す,しめす
占める,しめる
湿る,しめる
下,しも
霜,しも
借金,しゃっきん
しゃべる,しゃべる
週,しゅう
州,しゅう
銃,じゅう
周囲,しゅうい
収穫,しゅうかく
宗教,しゅうきょう
重視,じゅうし
就職,しゅうしょく
ジュース,ジュース
修正,しゅうせい
重体,じゅうたい
渋滞,じゅうたい
重大,じゅうだい
住宅,じゅうたく
集団,しゅうだん
集中,しゅうちゅう
収入,しゅうにゅう
住民,じゅうみん
重要,じゅうよう
修理,しゅうり
主義,しゅぎ
宿泊,しゅくはく
手術,しゅじゅつ
首相,しゅしょう
手段,しゅだん
主張,しゅちょう
出場,しゅつじょう
出身,しゅっしん
出版,しゅっぱん
首都,しゅと
主婦,しゅふ
主要,しゅよう
需要,じゅよう
種類,しゅるい
順,じゅん
瞬間,しゅんかん
順調,じゅんちょう
順番,じゅんばん
使用,しよう
小,しょう
章,しょう
賞,しょう
上,じょう
障害,しょうがい
奨学金,しょうがくきん
乗客,じょうきゃく
上京,じょうきょう
状況,じょうきょう
条件,じょうけん
正午,しょうご
正直,しょうじき
常識,じょうしき
少女,しょうじょ
少々,しょうしょう
症状,しょうじょう
生じる,しょうじる
状態,じょうたい
上達,じょうたつ
冗談,じょうだん
上等,じょうとう
衝突,しょうとつ
商人,しょうにん
承認,しょうにん
少年,しょうねん
商売,しょうばい
消費,しょうひ
商品,しょうひん
賞品,しょうひん
消防,しょうぼう
情報,じょうほう
証明,しょうめい
省略,しょうりゃく
女王,じょおう
職,しょく
職業,しょくぎょう
食卓,しょくたく
食品,しょくひん
植物,しょくぶつ
食物,しょくもつ
食欲,しょくよく
食料,しょくりょう
食糧,しょくりょう
書斎,しょさい
女子,じょし
助手,じょしゅ
徐々に,じょじょに
署名,しょめい
書物,しょもつ
女優,じょゆう
処理,しょり
書類,しょるい
知らせ,しらせ
尻,しり
知合い,しりあい
印,しるし
城,しろ
進学,しんがく
神経,しんけい
真剣,しんけん
信仰,しんこう
信号,しんごう
人工,じんこう
深刻,しんこく
診察,しんさつ
人種,じんしゅ
信じる,しんじる
人生,じんせい
親戚,しんせき
新鮮,しんせん
心臓,しんぞう
身体,しんたい
身長,しんちょう
慎重,しんちょう
審判,しんぱん
人物,じんぶつ
進歩,しんぽ
親友,しんゆう
信用,しんよう
信頼,しんらい
心理,しんり
人類,じんるい
巣,す
酢,す
図,ず
水準,すいじゅん
推薦,すいせん
スイッチ,スイッチ
睡眠,すいみん
数,すう
数字,すうじ
スープ,スープ
末,すえ
姿,すがた
スキー,スキー
救う,すくう
すくなくとも,すくなくとも
優れる,すぐれる
スケート,スケート
スケジュール,スケジュール
少しも,すこしも
過ごす,すごす
筋,すじ
進める,すすめる
勧める,すすめる
スター,スター
スタイル,スタイル
スタンド,スタンド
頭痛,ずつう
ずっと,ずっと
すっぱい,すっぱい
すてき,すてき
既に,すでに
すなわち,すなわち
スピーチ,スピーチ
全て,すべて
済ませる,すませる
角,すみ
墨,すみ
すみません (かん),すみません (かん)
澄む,すむ
清む,すむ
刷る,する
為る,する
鋭い,するどい
すれ違う,すれちがう
ずれる,ずれる
正,せい
生,せい
性,せい
姓,せい
所為,せい
税,ぜい
性格,せいかく
正確,せいかく
世紀,せいき
請求,せいきゅう
税金,ぜいきん
清潔,せいけつ
制限,せいげん
成功,せいこう
正式,せいしき
性質,せいしつ
精神,せいしん
成人,せいじん
精々,せいぜい
成績,せいせき
製造,せいぞう
贅沢,ぜいたく
成長,せいちょう
生長,せいちょう
制度,せいど
青年,せいねん
生年月日,せいねんがっぴ
製品,せいひん
政府,せいふ
生物,せいぶつ
生命,せいめい
整理,せいり
咳,せき
石炭,せきたん
責任,せきにん
石油,せきゆ
世間,せけん
説,せつ
積極的,せっきょくてき
設計,せっけい
絶対,ぜったい
セット,セット
愛,あい
相変わらず,あいかわらず
愛情,あいじょう
合図,あいず
アイスクリーム,アイスクリーム
愛する,あいする
相手,あいて
あいにく,あいにく
遭う,あう
アウト,アウト
明かり,あかり
空き,あき
明らか,あきらか
諦める,あきらめる
飽きる,あきる
握手,あくしゅ
悪魔,あくま
明ける,あける
揚げる,あげる
挙げる,あげる
預かる,あずかる
預ける,あずける
汗,あせ
与える,あたえる
温かい,あたたかい
暖まる,あたたまる
温まる,あたたまる
暖める,あたためる
温める,あたためる
辺り,あたり
当たり前,あたりまえ
当たる,あたる
あちこち,あちこち
扱う,あつかう
集まり,あつまり
当てる,あてる
跡,あと
穴,あな
油,あぶら
脂,あぶら
誤り,あやまり
粗,あら
嵐,あらし
争う,あらそう
新た,あらた
あらゆる,あらゆる
表す,あらわす
現す,あらわす
著す,あらわす
現れ,あらわれ
現れる,あらわれる
ありがとう,ありがとう
在る; 有る,ある
或,ある
あるいは,あるいは
アルバム,アルバム
泡,あわ
合わせる,あわせる
慌てる,あわてる
哀れ,あわれ
案,あん
案外,あんがい
暗記,あんき
安定,あんてい
あんなに,あんなに
あんまり,あんまり
胃,い
委員,いいん
意外,いがい
行き,いき
行き,ゆき
息,いき
勢い,いきおい
生き物,いきもの
いけない,いけない
医師,いし
意思,いし
意志,いし
維持,いじ
意識,いしき
異常,いじょう
意地悪,いじわる
泉,いずみ
いずれ,いずれ
以前,いぜん
板,いた
偉大,いだい
抱く,いだく
いたずら,いたずら
いただきます,いただきます
痛み,いたみ
至る,いたる
市,いち
位置,いち
一時,いちじ
一度に,いちどに
市場,いちば
いつか,いつか
一家,いっか
一種,いっしゅ
一瞬,いっしゅん
一生,いっしょう
一層,いっそう
一体,いったい
一致,いっち
いつでも,いつでも
いつのまにか,いつのまにか
一般,いっぱん
一方,いっぽう
いつまでも,いつまでも
移動,いどう
従兄弟,いとこ
従姉妹,いとこ
稲,いね
居眠り,いねむり
命,いのち
違反,いはん
衣服,いふく
居間,いま
今に,いまに
今にも,いまにも
イメージ,イメージ
否,いや
以来,いらい
依頼,いらい
いらいら,いらいら
いらっしゃい,いらっしゃい
医療,いりょう
岩,いわ
祝い,いわい
祝う,いわう
言わば,いわば
いわゆる,いわゆる
インク,インク
印刷,いんさつ
印象,いんしょう
引退,いんたい
インタビュー,インタビュー
引用,いんよう
ウイスキー,ウイスキー
上,うわ
魚,うお
うがい,うがい
受け取る,うけとる
動かす,うごかす
兎,うさぎ
牛,うし
失う,うしなう
疑う,うたがう
宇宙,うちゅう
討つ,うつ
撃つ,うつ
うっかり,うっかり
映す,うつす
訴える,うったえる
写る,うつる
映る,うつる
うなる,うなる
奪う,うばう
馬,うま
生まれ,うまれ
有無,うむ
梅,うめ
埋める,うめる
裏切る,うらぎる
羨ましい,うらやましい
売れる,うれる
噂,うわさ
運,うん
運転,うんてん
柄,え
永遠,えいえん
永久,えいきゅう
影響,えいきょう
営業,えいぎょう
衛星,えいせい
栄養,えいよう
笑顔,えがお
描く,えがく
餌,えさ
エネルギー,エネルギー
得る,える
得る,うる
円,えん
延期,えんき
演技,えんぎ
援助,えんじょ
エンジン,エンジン
演説,えんぜつ
演奏,えんそう
老い,おい
追い付く,おいつく
王,おう
追う,おう
応援,おうえん
王様,おうさま
王子,おうじ
応じる,おうじる
横断,おうだん
終える,おえる
大いに,おおいに
覆う,おおう
大家,おおや
丘,おか
沖,おき
奥,おく
贈る,おくる
起こる,おこる
押える,おさえる
幼い,おさない
収める,おさめる
納める,おさめる
治める,おさめる
お辞儀,おじぎ
お洒落,おしゃれ
お喋り,おしゃべり
汚染,おせん
恐らく,おそらく
恐れる,おそれる
恐ろしい,おそろしい
教わる,おそわる
お互い,おたがい
穏やか,おだやか
男の人,おとこのひと
大人しい,おとなしい
劣る,おとる
鬼,おに
帯,おび
お昼,おひる
オフィス,オフィス
溺れる,おぼれる
お前,おまえ
おめでとう,おめでとう
お目に掛かる,おめにかかる
思い付く,おもいつく
思い出,おもいで
主に,おもに
思わず,おもわず
泳ぎ,およぎ
およそ,およそ
及ぼす,およぼす
下す,おろす
降ろす,おろす
卸す,おろす
音,おん
恩,おん
温暖,おんだん
温度,おんど
可,か
蚊,か
課,か
カー,カー
カード,カード
貝,かい
害,がい
会員,かいいん
絵画,かいが
海外,かいがい
会計,かいけい
解決,かいけつ
会合,かいごう
外交,がいこう
開始,かいし
解釈,かいしゃく
外出,がいしゅつ
改善,かいぜん
快適,かいてき
回復,かいふく
飼う,かう
帰す,かえす
代える,かえる
替える,かえる
換える,かえる
反る,かえる
香り,かおり
画家,がか
抱える,かかえる
価格,かかく
化学,かがく
輝く,かがやく
係,かかり
罹る,かかる
限る,かぎる
掻く,かく
描く,かく
嗅ぐ,かぐ
家具,かぐ
学,がく
額,がく
覚悟,かくご
確実,かくじつ
学者,がくしゃ
学習,がくしゅう
隠す,かくす
拡大,かくだい
確認,かくにん
学問,がくもん
隠れる,かくれる
影,かげ
陰,かげ
欠ける,かける
加減,かげん
過去,かこ
籠,かご
囲む,かこむ
火災,かさい
重なる,かさなる
重ねる,かさねる
飾り,かざり
貸し,かし
菓子,かし
家事,かじ
賢い,かしこい
歌手,かしゅ
数,かず
稼ぐ,かせぐ
数える,かぞえる
型,かた
肩,かた
堅い,かたい
硬い,かたい
方々,かたがた
片付く,かたづく
刀,かたな
語る,かたる
勝ち,かち
価値,かち
がっかり,がっかり
活気,かっき
楽器,がっき
学期,がっき
活動,かつどう
活躍,かつやく
活用,かつよう
仮定,かてい
過程,かてい
課程,かてい
悲しむ,かなしむ
必ずしも,かならずしも
かなり,かなり
金,かね
鐘,かね
可能,かのう
株,かぶ
被る,かぶる
我慢,がまん
上,かみ
神,かみ
雷,かみなり
髪の毛,かみのけ
科目,かもく
かもしれない,かもしれない
かゆい,かゆい
歌謡,かよう
空,から
殻,から
柄,がら
刈る,かる
河,かわ
皮,かわ
革,かわ
可愛そう,かわいそう
可愛らしい,かわいらしい
乾かす,かわかす
渇く,かわく
代る,かわる
缶,かん
勘,かん
考え,かんがえ
感覚,かんかく
間隔,かんかく
観客,かんきゃく
環境,かんきょう
歓迎,かんげい
観光,かんこう
観察,かんさつ
感じ,かんじ
感謝,かんしゃ
患者,かんじゃ
勘定,かんじょう
感情,かんじょう
感じる,かんじる
感心,かんしん
関心,かんしん
関する,かんする
完成,かんせい
完全,かんぜん
乾燥,かんそう
感想,かんそう
感動,かんどう
監督,かんとく
管理,かんり
完了,かんりょう
関連,かんれん
議員,ぎいん
記憶,きおく
気温,きおん
機械,きかい
器械,きかい
議会,ぎかい
期間,きかん
機関,きかん
企業,きぎょう
効く,きく
期限,きげん
機嫌,きげん
気候,きこう
岸,きし
生地,きじ
記事,きじ
技師,ぎし
記者,きしゃ
傷,きず
期待,きたい
気体,きたい
帰宅,きたく
貴重,きちょう
議長,ぎちょう
きちんと,きちんと
きつい,きつい
気付く,きづく
気に入る,きにいる
記入,きにゅう
記念,きねん
機能,きのう
気の毒,きのどく
寄付,きふ
希望,きぼう
基本,きほん
決まり,きまり
気味,きみ
奇妙,きみょう
義務,ぎむ
疑問,ぎもん
逆,ぎゃく
キャプテン,キャプテン
キャンプ,キャンプ
旧,きゅう
級,きゅう
球,きゅう
休暇,きゅうか
休憩,きゅうけい
急激,きゅうげき
吸収,きゅうしゅう
救助,きゅうじょ
急速,きゅうそく
休息,きゅうそく
急に,きゅうに
給料,きゅうりょう
器用,きよう
教科書,きょうかしょ
競技,きょうぎ
行儀,ぎょうぎ
供給,きょうきゅう
教授,きょうじゅ
強調,きょうちょう
共通,きょうつう
共同,きょうどう
恐怖,きょうふ
協力,きょうりょく
強力,きょうりょく
許可,きょか
局,きょく
巨大,きょだい
嫌う,きらう
霧,きり
切れ,きれ
切れる,きれる
記録,きろく
議論,ぎろん
金,きん
銀,ぎん
禁煙,きんえん
金額,きんがく
金庫,きんこ
禁止,きんし
金銭,きんせん
金属,きんぞく
近代,きんだい
緊張,きんちょう
筋肉,きんにく
金融,きんゆう
句,く
食う,くう
偶然,ぐうぜん
臭い,くさい
鎖,くさり
腐る,くさる
癖,くせ
管,くだ
具体,ぐたい
下り,くだり
下る,くだる
苦痛,くつう
ぐっすり,ぐっすり
区別,くべつ
組,くみ
組合,くみあい
組む,くむ
汲む,くむ
酌む,くむ
悔しい,くやしい
位,くらい
暮らし,くらし
クラシック,クラシック
暮らす,くらす
グラス,グラス
グランド,グランド
クリーム,クリーム
繰り返す,くりかえす
クリスマス,クリスマス
狂う,くるう
グループ,グループ
苦しい,くるしい
苦しむ,くるしむ
暮れ,くれ
苦労,くろう
加える,くわえる
咥える,くわえる
詳しい,くわしい
加わる,くわわる
訓,くん
軍,ぐん
郡,ぐん
軍隊,ぐんたい
訓練,くんれん
下,げ
計,けい
敬意,けいい
経営,けいえい
景気,けいき
傾向,けいこう
警告,けいこく
計算,けいさん
掲示,けいじ
刑事,けいじ
芸術,げいじゅつ
契約,けいやく
経由,けいゆ
ケース,ケース
ゲーム,ゲーム
劇,げき
劇場,げきじょう
化粧,けしょう
けち,けち
血液,けつえき
結果,けっか
欠陥,けっかん
結局,けっきょく
決心,けっしん
欠席,けっせき
決定,けってい
欠点,けってん
結論,けつろん
煙,けむり
蹴る,ける
券,けん
県,けん
見解,けんかい
限界,げんかい
現金,げんきん
言語,げんご
健康,けんこう
検査,けんさ
現在,げんざい
現実,げんじつ
現象,げんしょう
現状,げんじょう
建設,けんせつ
現代,げんだい
建築,けんちく
見当,けんとう
検討,けんとう
現場,げんば
憲法,けんぽう
権利,けんり
後,ご
碁,ご
恋,こい
濃い,こい
恋人,こいびと
幸運,こううん
講演,こうえん
効果,こうか
硬貨,こうか
高価,こうか
豪華,ごうか
合格,ごうかく
交換,こうかん
航空,こうくう
光景,こうけい
合計,ごうけい
攻撃,こうげき
貢献,こうけん
広告,こうこく
交際,こうさい
校舎,こうしゃ
後者,こうしゃ
工場,こうば
公正,こうせい
構成,こうせい
高速,こうそく
行動,こうどう
強盗,ごうとう
後輩,こうはい
幸福,こうふく
公平,こうへい
候補,こうほ
考慮,こうりょ
越える,こえる
超える,こえる
コーチ,コーチ
コード,コード
氷,こおり
凍る,こおる
ゴール,ゴール
誤解,ごかい
語学,ごがく
呼吸,こきゅう
故郷,こきょう
極,ごく
国語,こくご
国籍,こくせき
黒板,こくばん
克服,こくふく
国民,こくみん
穀物,こくもつ
腰,こし
胡椒,こしょう
個人,こじん
越す,こす
超す,こす
国家,こっか
国会,こっかい
国境,こっきょう
骨折,こっせつ
小包,こづつみ
琴,こと
異なる,ことなる
諺,ことわざ
断る,ことわる
粉,こな
好み,このみ
好む,このむ
こぼす,こぼす
こぼれる,こぼれる
塵,ごみ
小麦,こむぎ
ごめんなさい,ごめんなさい
小屋,こや
これら,これら
殺す,ころす
転ぶ,ころぶ
今回,こんかい
今後,こんご
混雑,こんざつ
こんなに,こんなに
困難,こんなん
今日,こんにち
こんにちは,こんにちは
婚約,こんやく
混乱,こんらん
差,さ
サービス,サービス
際,さい
最高,さいこう
財産,ざいさん
最終,さいしゅう
最中,さいちゅう
最低,さいてい
才能,さいのう
裁判,さいばん
材料,ざいりょう
幸い,さいわい
サイン,サイン
境,さかい
逆らう,さからう
盛り,さかり
作業,さぎょう
裂く,さく
昨,さく
作品,さくひん
作物,さくもつ
桜,さくら
酒,さけ
叫ぶ,さけぶ
避ける,さける
支える,ささえる
刺さる,ささる
刺す,さす
指す,さす
挿す,さす
注す,さす
射す,さす
座席,ざせき
誘う,さそう
札,さつ
作家,さっか
作曲,さっきょく
ざっと,ざっと
さっぱり,さっぱり
さて,さて
砂漠,さばく
差別,さべつ
ママ,ママ
豆,まめ
守る,まもる
迷う,まよう
丸,まる
円,まる
まるで,まるで
万一,まんいち
満足,まんぞく
身,み
実,み
見送り,みおくり
味方,みかた
見事,みごと
ミス,ミス
満ちる,みちる
密,みつ
認める,みとめる
見舞い,みまい
土産,みやげ
都,みやこ
妙,みょう
明後日,みょうごにち
未来,みらい
魅力,みりょく
診る,みる
ミルク,ミルク
無,む
向かい,むかい
迎え,むかえ
向く,むく
剥く,むく
向ける,むける
無視,むし
蒸し暑い,むしあつい
虫歯,むしば
寧ろ,むしろ
蒸す,むす
結ぶ,むすぶ
無駄,むだ
夢中,むちゅう
胸,むね
無料,むりょう
芽,め
明確,めいかく
名刺,めいし
名詞,めいし
命じる,めいじる
名人,めいじん
命令,めいれい
迷惑,めいわく
目上,めうえ
飯,めし
滅多に,めったに
メモ,メモ
面,めん
綿,めん
免許,めんきょ
面接,めんせつ
面倒,めんどう
メンバー,メンバー
申し込む,もうしこむ
申し訳,もうしわけ
毛布,もうふ
燃える,もえる
目的,もくてき
目標,もくひょう
文字,もじ
文字,もんじ
もしかすると,もしかすると
もしも,もしも
持ち上げる,もちあげる
用いる,もちいる
もったいない,もったいない
尤も,もっとも
元,もと
基,もと
素,もと
戻す,もどす
基づく,もとづく
求める,もとめる
者,もの
物音,ものおと
物語,ものがたり
物事,ものごと
燃やす,もやす
模様,もよう
文句,もんく
やがて,やがて
役,やく
約,やく
訳,やく
訳す,やくす
役割,やくわり
家賃,やちん
厄介,やっかい
宿,やど
雇う,やとう
屋根,やね
破る,やぶる
破れる,やぶれる
辞める,やめる
やや,やや
唯一,ゆいいつ
勇気,ゆうき
友好,ゆうこう
有効,ゆうこう
優秀,ゆうしゅう
優勝,ゆうしょう
友情,ゆうじょう
友人,ゆうじん
有能,ゆうのう
郵便,ゆうびん
ユーモア,ユーモア
有利,ゆうり
床,ゆか
愉快,ゆかい
譲る,ゆずる
豊か,ゆたか
茹でる,ゆでる
許す,ゆるす
夜,よ
夜明け,よあけ
酔う,よう
容易,ようい
容器,ようき
陽気,ようき
要求,ようきゅう
用心,ようじん
様子,ようす
要するに,ようするに
要素,ようそ
要点,ようてん
曜日,ようび
ヨーロッパ,ヨーロッパ
予期,よき
横切る,よこぎる
汚す,よごす
予算,よさん
止す,よす
寄せる,よせる
予測,よそく
ヨット,ヨット
夜中,よなか
世の中,よのなか
余分,よぶん
予報,よほう
予防,よぼう
読み,よみ
嫁,よめ
余裕,よゆう
より,より
因る,よる
喜び,よろこび
よろしく (かん),よろしく (かん)
四,よん
来,らい～
ライター,ライター
楽,らく
ラケット,ラケット
利益,りえき
理解,りかい
陸,りく
利口,りこう
離婚,りこん
理想,りそう
率,りつ
留学,りゅうがく
流行,りゅうこう
量,りょう
寮,りょう
両替,りょうがえ
料金,りょうきん
例,れい
礼,れい
例外,れいがい
礼儀,れいぎ
冷静,れいせい
列,れつ
列車,れっしゃ
レベル,レベル
連想,れんそう
連続,れんぞく
老人,ろうじん
労働,ろうどう
ロケット,ロケット
論じる,ろんじる
論争,ろんそう
論文,ろんぶん
輪,わ
ワイン,ワイン
わがまま,わがまま
別れ,わかれ
分かれる,わかれる
脇,わき
湧く,わく
分ける,わける
わざと,わざと
僅か,わずか
綿,わた
話題,わだい
笑い,わらい
割る,わる
悪口,わるくち
我々,われわれ
湾,わん
椀,わん
碗,わん
悪,あく
当り,あたり
アップ,アップ
宛てる,あてる
アンケート,アンケート
異,い
意,い
医院,いいん
怒り,いかり
粋,いき
意地,いじ
依然,いぜん
傷める,いためる
炒める,いためる
一帯,いったい
異動,いどう
衣料,いりょう
渦,うず
埋まる,うまる
産む,うむ
縁,えん
尾,お
負う,おう
遅れ,おくれ
教え,おしえ
驚き,おどろき
織る,おる
欠く,かく
角,かく
核,かく
格,かく
学歴,がくれき
駆ける,かける
賭ける,かける
課題,かだい
片付け,かたづけ
加味,かみ
借り,かり
狩り,かり
管,かん
～観,かん
癌,がん
刊行,かんこう
慣行,かんこう
歓声,かんせい
官僚,かんりょう
器官,きかん
季刊,きかん
起源,きげん
機構,きこう
築く,きずく
規制,きせい
丘陵,きゅうりょう
協議,きょうぎ
享受,きょうじゅ
協調,きょうちょう
切り,きり
菌,きん
近視,きんし
苦,く
群,ぐん
刑,けい
経緯,けいい
計器,けいき
契機,けいき
携帯,けいたい
形態,けいたい
血管,けっかん
決行,けっこう
件,けん
減少,げんしょう
公演,こうえん
後悔,こうかい
航海,こうかい
拘束,こうそく
荒廃,こうはい
降伏,こうふく
興奮,こうふん
語句,ごく
個々,ここ
故人,こじん
小銭,こぜに
ことによると,ことによると
コンテスト,コンテスト
採集,さいしゅう
作,さく
策,さく
設備,せつび
絶滅,ぜつめつ
節約,せつやく
攻める,せめる
責める,せめる
善,ぜん
全,ぜん
全員,ぜんいん
専攻,せんこう
全国,ぜんこく
洗剤,せんざい
先日,せんじつ
前者,ぜんしゃ
選手,せんしゅ
全身,ぜんしん
前進,ぜんしん
センター,センター
全体,ぜんたい
選択,せんたく
宣伝,せんでん
象,ぞう
騒音,そうおん
増加,ぞうか
操作,そうさ
想像,そうぞう
相続,そうぞく
装置,そうち
相当,そうとう
速度,そくど
底,そこ
そこで,そこで
組織,そしき
そして,そして
注ぐ,そそぐ
育つ,そだつ
そっくり,そっくり
そっと,そっと
袖,そで
備える,そなえる
具える,そなえる
そのうえ,そのうえ
そのうち,そのうち
そのまま,そのまま
蕎麦,そば
ソファー,ソファー
粗末,そまつ
それぞれ,それぞれ
それでも,それでも
それと,それと
それとも,それとも
揃う,そろう
揃える,そろえる
損,そん
損害,そんがい
尊敬,そんけい
存在,そんざい
尊重,そんちょう
田,た
他,た
対,たい
大,だい
題,だい
体育,たいいく
体温,たいおん
大会,たいかい
大気,たいき
代金,だいきん
退屈,たいくつ
滞在,たいざい
大使,たいし
大した,たいした
体重,たいじゅう
対象,たいしょう
対照,たいしょう
大臣,だいじん
対する,たいする
大戦,たいせん
態度,たいど
大統領,だいとうりょう
大半,たいはん
代表,だいひょう
大部分,だいぶぶん
タイプライター,タイプライター
逮捕,たいほ
題名,だいめい
ダイヤ,ダイヤ
太陽,たいよう
平ら,たいら
代理,だいり
大陸,たいりく
倒す,たおす
タオル,タオル
だが,だが
互い,たがい
高める,たかめる
宝,たから
宅,たく
炊く,たく
焚く,たく
抱く,だく
だけど,だけど
たしか,たしか
確かめる,たしかめる
多少,たしょう
助かる,たすかる
助ける,たすける
ただ,ただ
只,ただ
唯,ただ
戦い,たたかい
戦う,たたかう
叩く,たたく
直ちに,ただちに
畳む,たたむ
立ち上がる,たちあがる
立場,たちば
建つ,たつ
経つ,たつ
達する,たっする
唯,たった
だって,だって
たっぷり,たっぷり
たとえ,たとえ
谷,たに
他人,たにん
種,たね
束,たば
足袋,たび
度,たび
旅,たび
たびたび,たびたび
玉,たま
球,たま
弾,たま
偶,たま
騙す,だます
偶々,たまたま
たまらない,たまらない
溜まる,たまる
黙る,だまる
試し,ためし
試す,ためす
溜める,ためる
便り,たより
頼る,たよる
段,だん
単位,たんい
単語,たんご
男子,だんし
単純,たんじゅん
誕生,たんじょう
ダンス,ダンス
団体,だんたい
担当,たんとう
単なる,たんなる
単に,たんに
地,ち
地位,ちい
地域,ちいき
チーズ,チーズ
チーム,チーム
知恵,ちえ
地下,ちか
違い,ちがい
違いない,ちがいない
近頃,ちかごろ
地球,ちきゅう
地区,ちく
遅刻,ちこく
知事,ちじ
知識,ちしき
父親,ちちおや
知能,ちのう
地平線,ちへいせん
地方,ちほう
茶,ちゃ
チャンス,チャンス
ちゃんと,ちゃんと
中,ちゅう
注,ちゅう
中央,ちゅうおう
中学,ちゅうがく
中古,ちゅうこ
中止,ちゅうし
駐車,ちゅうしゃ
昼食,ちゅうしょく
中心,ちゅうしん
注目,ちゅうもく
注文,ちゅうもん
長期,ちょうき
調査,ちょうさ
調子,ちょうし
頂上,ちょうじょう
ちょうだい,ちょうだい
貯金,ちょきん
直接,ちょくせつ
著者,ちょしゃ
散らす,ちらす
散る,ちる
遂に,ついに
通過,つうか
通貨,つうか
通学,つうがく
通勤,つうきん
通行,つうこう
通じる,つうじる
通信,つうしん
通訳,つうやく
捕まる,つかまる
掴む,つかむ
疲れ,つかれ
付き合い,つきあい
付合う,つきあう
次々,つぎつぎ
付く,つく
就く,つく
突く,つく
次ぐ,つぐ
注ぐ,つぐ
付ける,つける
着ける,つける
伝わる,つたわる
土,つち
続き,つづき
包み,つつみ
勤め,つとめ
務め,つとめ
繋がる,つながる
繋ぐ,つなぐ
繋げる,つなげる
常に,つねに
翼,つばさ
つまり,つまり
罪,つみ
積む,つむ
詰める,つめる
積もる,つもる
梅雨,つゆ
辛い,つらい
釣,つり
連れ,つれ
出,で
出会い,であい
出合い,であい
出会う,であう
提案,ていあん
定期,ていき
抵抗,ていこう
提出,ていしゅつ
停電,ていでん
程度,ていど
停留所,ていりゅうじょ
デート,デート
敵,てき
出来事,できごと
適する,てきする
適切,てきせつ
適度,てきど
適用,てきよう
できれば,できれば
手品,てじな
ですから,ですから
鉄,てつ
哲学,てつがく
手伝い,てつだい
徹底,てってい
鉄道,てつどう
徹夜,てつや
手間,てま
デモ,デモ
典型,てんけい
天候,てんこう
電子,でんし
テント,テント
伝統,でんとう
天然,てんねん
問い,とい
党,とう
塔,とう
答案,とうあん
同一,どういつ
銅貨,どうか
当時,とうじ
動詞,どうし
同時,どうじ
どうしても,どうしても
どうぞよろしく,どうぞよろしく
到着,とうちゃく
道徳,どうとく
投票,とうひょう
東洋,とうよう
同様,どうよう
童謡,どうよう
同僚,どうりょう
道路,どうろ
通す,とおす
通り過ぎる,とおりすぎる
都会,とかい
溶く,とく
解く,とく
退く,どく
毒,どく
得意,とくい
読書,どくしょ
独身,どくしん
特徴,とくちょう
特長,とくちょう
独特,どくとく
独立,どくりつ
溶ける,とける
解ける,とける
どこか,どこか
ところが,ところが
ところで,ところで
登山,とざん
都市,とし
年月,としつき
図書,としょ
年寄,としより
閉じる,とじる
途端,とたん
土地,とち
突然,とつぜん
トップ,トップ
届く,とどく
とにかく,とにかく
飛ばす,とばす
飛び出す,とびだす
留める,とめる
泊める,とめる
友,とも
共に,ともに
虎,とら
ドライブ,ドライブ
トラック,トラック
ドラマ,ドラマ
トランプ,トランプ
取り上げる,とりあげる
努力,どりょく
トレーニング,トレーニング
ドレス,ドレス
取れる,とれる
泥,どろ
トン,トン
とんでもない,とんでもない
どんなに,どんなに
トンネル,トンネル
名,な
内容,ないよう
なお,なお
仲,なか
流す,ながす
半ば,なかば
仲間,なかま
中身,なかみ
中味,なかみ
眺め,ながめ
眺める,ながめる
流れ,ながれ
流れる,ながれる
亡くす,なくす
殴る,なぐる
無し,なし
なぜなら,なぜなら
謎,なぞ
納得,なっとく
何か,なにか
なにも,なにも
鍋,なべ
生,なま
怠ける,なまける
波,なみ
涙,なみだ
悩む,なやむ
鳴らす,ならす
為る,なる
生る,なる
馴れる,なれる
縄,なわ
何で,なんで
何でも,なんでも
何とか,なんとか
似合う,にあう
煮える,にえる
苦手,にがて
握る,にぎる
日,にち
日常,にちじょう
日光,にっこう
日中,にっちゅう
にっこり,にっこり
日本,にっぽん
日本,にほん
入場,にゅうじょう
煮る,にる
人気,にんき
人間,にんげん
抜く,ぬく
抜ける,ぬける
布,ぬの
濡らす,ぬらす
根,ね
値,ね
願い,ねがい
願う,ねがう
鼠,ねずみ
熱帯,ねったい
熱中,ねっちゅう
年間,ねんかん
年月,ねんげつ
年中,ねんじゅう
年代,ねんだい
年齢,ねんれい
野,の
能,のう
農家,のうか
農業,のうぎょう
農民,のうみん
能力,のうりょく
ノー,ノー
軒,のき
残す,のこす
残り,のこり
乗せる,のせる
載せる,のせる
覗く,のぞく
除く,のぞく
望み,のぞみ
望む,のぞむ
後,のち
ノック,ノック
伸ばす,のばす
延ばす,のばす
伸びる,のびる
延びる,のびる
述べる,のべる
上る,のぼる
昇る,のぼる
載る,のる
のんびり,のんびり
場,ば
はあ (かん),はあ (かん)
パーセント,パーセント
灰,はい
梅雨,ばいう
バイオリン,バイオリン
ハイキング,ハイキング
配達,はいたつ
パイプ,パイプ
俳優,はいゆう
パイロット,パイロット
生える,はえる
墓,はか
馬鹿,ばか
博士,はかせ
計る,はかる
量る,はかる
測る,はかる
掃く,はく
吐く,はく
拍手,はくしゅ
莫大,ばくだい
爆発,ばくはつ
博物館,はくぶつかん
激しい,はげしい
はさみ,はさみ
破産,はさん
端,はし
始まり,はじまり
パス,パス
外す,はずす
パスポート,パスポート
外れる,はずれる
旗,はた
肌,はだ
裸,はだか
畑,はたけ
働き,はたらき
バッグ,バッグ
発見,はっけん
発行,はっこう
発車,はっしゃ
発射,はっしゃ
罰する,ばっする
発達,はったつ
ばったり,ばったり
発展,はってん
発表,はっぴょう
発明,はつめい
派手,はで
話し合う,はなしあう
離す,はなす
放す,はなす
離れる,はなれる
放れる,はなれる
羽,はね
羽根,はね
幅,はば
母親,ははおや
省く,はぶく
場面,ばめん
流行る,はやる
腹,はら
原,はら
バランス,バランス
針,はり
範囲,はんい
反抗,はんこう
犯罪,はんざい
ハンサム,ハンサム
反省,はんせい
判断,はんだん
犯人,はんにん
販売,はんばい
灯,ひ
ビール,ビール
被害,ひがい
比較,ひかく
ピクニック,ピクニック
悲劇,ひげき
飛行,ひこう
膝,ひざ
非常,ひじょう
美人,びじん
額,ひたい
日付,ひづけ
引越し,ひっこし
必死,ひっし
ぴったり,ぴったり
引っ張る,ひっぱる
否定,ひてい
ビデオ,ビデオ
一言,ひとこと
人込み,ひとごみ
等しい,ひとしい
独り,ひとり
一人一人,ひとりひとり
批判,ひはん
批評,ひひょう
秘密,ひみつ
微妙,びみょう
紐,ひも
冷やす,ひやす
費用,ひよう
表,ひょう
秒,びょう
評価,ひょうか
表現,ひょうげん
表情,ひょうじょう
平等,びょうどう
評判,ひょうばん
表面,ひょうめん
広がる,ひろがる
広げる,ひろげる
広める,ひろめる
品,ひん
瓶,びん
便,びん
ピン,ピン
不,ふ
不,ぶ
無,ぶ
分,ぶ
不安,ふあん
風景,ふうけい
夫婦,ふうふ
笛,ふえ
不可,ふか
深まる,ふかまる
武器,ぶき
拭く,ふく
服装,ふくそう
含む,ふくむ
含める,ふくめる
袋,ふくろ
不幸,ふこう
節,ふし
無事,ぶじ
不思議,ふしぎ
不自由,ふじゆう
夫人,ふじん
婦人,ふじん
不正,ふせい
防ぐ,ふせぐ
不足,ふそく
舞台,ぶたい
双子,ふたご
再び,ふたたび
普段,ふだん
縁,ふち
打つ,ぶつ
不通,ふつう
物価,ぶっか
ぶつかる,ぶつかる
ぶつける,ぶつける
物質,ぶっしつ
物理,ぶつり
筆,ふで
ふと,ふと
部分,ぶぶん
不平,ふへい
不満,ふまん
増やす,ふやす
殖やす,ふやす
プラス,プラス
プラスチック,プラスチック
プラン,プラン
不利,ふり
振る,ふる
震える,ふるえる
ブレーキ,ブレーキ
触れる,ふれる
プロ,プロ
分,ぶん
文,ぶん
雰囲気,ふんいき
分析,ぶんせき
文明,ぶんめい
分野,ぶんや
塀,へい
平均,へいきん
平和,へいわ
別に,べつに
減らす,へらす
減る,へる
ベルト,ベルト
変化,へんか
ペンキ,ペンキ
変更,へんこう
ベンチ,ベンチ
弁当,べんとう
方,ほう
法,ほう
棒,ぼう
冒険,ぼうけん
方向,ほうこう
報告,ほうこく
宝石,ほうせき
包装,ほうそう
豊富,ほうふ
方法,ほうほう
方々,ほうぼう
訪問,ほうもん
吠える,ほえる
ボーイ,ボーイ
ボート,ボート
ホーム,ホーム
ボール,ボール
他,ほか
誇り,ほこり
埃,ほこり
保証,ほしょう
保存,ほぞん
歩道,ほどう
仏,ほとけ
骨,ほね
炎,ほのお
頬,ほほ
頬,ほお
ほぼ,ほぼ
微笑む,ほほえむ
堀,ほり
濠,ほり
本当,ほんと
本人,ほんにん
本物,ほんもの
ぼんやり,ぼんやり
間,ま
まあ,まあ
マーケット,マーケット
マイク,マイク
迷子,まいご
マイナス,マイナス
任せる,まかせる
巻く,まく
蒔く,まく
撒く,まく
幕,まく
負け,まけ
孫,まご
まさか,まさか
まさに,まさに
混ざる,まざる
交ざる,まざる
混じる,まじる
交じる,まじる
増す,ます
貧しい,まずしい
マスター,マスター
ますます,ますます
混ぜる,まぜる
交ぜる,まぜる
街,まち
間違い,まちがい
松,まつ
真っ赤,まっか
全く,まったく
祭,まつり
まとまる,まとまる
まとめる,まとめる
学ぶ,まなぶ
真似,まね
招く,まねく
まぶしい,まぶしい
柵,さく
裂ける,さける
裁く,さばく
酸化,さんか
死,し
資格,しかく
視覚,しかく
指揮,しき
磁気,じき
磁器,じき
自己,じこ
字体,じたい
辞退,じたい
視点,してん
脂肪,しぼう
志望,しぼう
衆,しゅう
住,じゅう
修飾,しゅうしょく
私用,しよう
仕様,しよう
情,じょう
生涯,しょうがい
上司,じょうし
正体,しょうたい
照明,しょうめい
女史,じょし
助詞,じょし
ショック,ショック
進行,しんこう
新興,しんこう
振興,しんこう
申告,しんこく
真理,しんり
水洗,すいせん
ストレス,ストレス
擦る,する
正規,せいき
精巧,せいこう
精算,せいさん
成年,せいねん
声明,せいめい
姓名,せいめい
生理,せいり
節,せつ
膳,ぜん
禅,ぜん
選挙,せんきょ
先行,せんこう
選考,せんこう
相,そう
沿う,そう
添う,そう
僧,そう
像,ぞう
捜査,そうさ
操縦,そうじゅう
創造,そうぞう
隊,たい
退学,たいがく
タイトル,タイトル
ダウン,ダウン
高まる,たかまる
断つ,たつ
盾,たて
例え,たとえ
チャイム,チャイム
挑戦,ちょうせん
治療,ちりょう
対,つい
接ぐ,つぐ
継ぐ,つぐ
摘む,つむ
露,つゆ
強まる,つよまる
強める,つよめる
データ,データ
デザイン,デザイン
デザート,デザート
転校,てんこう
伝言,でんごん
と,と
問う,とう
棟,とう
倒産,とうさん
同士,どうし
同志,どうし
当然,とうぜん
動揺,どうよう
説く,とく
綴じる,とじる
供,とも
並,なみ
慣らす,ならす
馴らす,ならす
難,なん
音,ね
年鑑,ねんかん
脳,のう
臨む,のぞむ
肺,はい
～敗,はい
映える,はえる
諮る,はかる
図る,はかる
生やす,はやす
班,はん
判,はん
版,はん
碑,ひ
非行,ひこう
票,ひょう
広まる,ひろまる
深める,ふかめる
福,ふく
振り,ふり
経る,へる
保護,ほご
保障,ほしょう
補償,ほしょう
ほっと,ほっと
前もって,まえもって
膜,まく
マスコミ,マスコミ
股,また
末,まつ
マッサージ,マッサージ
見掛ける,みかける
捲る,めくる
メッセージ,メッセージ
野党,やとう
優,ゆう
有機,ゆうき
世,よ
良い,よい
予想,よそう
弱まる,よわまる
弱める,よわめる
ラベル,ラベル
ルール,ルール
枠,わく
踏む,ふむ
～区,～く
すっと,すっと
盗む,ぬすむ
大抵,たいてい
とうとう,とうとう
ガソリン,ガソリン
鳴る,なる
しっかり,しっかり
生きる,いきる
苦い,にがい
沸く,わく
意見,いけん
やはり; やっぱり,やはり; やっぱり
漫画,まんが
ステレオ,ステレオ
医学,いがく
テキスト,テキスト
～月,～つき
折る,おる
～会,～かい
うかがう,うかがう
聞こえる,きこえる
僕,ぼく
必ず,かならず
壊す,こわす
怒る,おこる
床屋,とこや
オートバイ,オートバイ
運動,うんどうする
止む,やむ
もし,もし
表,おもて
大学生,だいがくせい
運転手,うんてんしゅ
予習,よしゅう
心配,しんぱいする
別,べつ
非常に,ひじょうに
お宅,おたく
柔らかい,やわらかい
拾う,ひろう
～ございます,～ございます
気,き
比べる,くらべる
ほとんど,ほとんど
つもり,つもり
郊外,こうがい
だめ,だめ
売り場,うりば
正月,しょうがつ
規則,きそく
うん,うん
発音,はつおん
焼く,やく
屋上,おくじょう
失礼,しつれい
ごみ,ごみ
アフリカ,アフリカ
点,てん
一生懸命,いっしょうけんめい
今度,こんど
機会,きかい
建てる,たてる
複雑,ふくざつ
彼,かれ
いらっしゃる,いらっしゃる
布団,ふとん
大事,だいじ
贈り物,おくりもの
泥棒,どろぼう
～製,～せい
注意,ちゅうい
台風,たいふう
日,ひ
～軒,～けん
そう,そう
通る,とおる
過ぎる,すぎる
レポート; リポート,レポート; リポート
葉,は
必要,ひつよう
課長,かちょう
地震,じしん
すると,すると
止める,やめる
ガラス,ガラス
～学部,～がくぶ
厳しい,きびしい
エスカレーター,エスカレーター
人口,じんこう
月,つき
絹,きぬ
ちっとも,ちっとも
深い,ふかい
壊れる,こわれる
揺れる,ゆれる
落る,おちる
できるだけ,できるだけ
悲しい,かなしい
中学校,ちゅうがっこう
ガス,ガス
祈る,いのる
盛ん,さかん
アルバイト,アルバイト
起こす,おこす
致す,いたす
噛む,かむ
赤ちゃん,あかちゃん
浅い,あさい
うそ,嘘
小説,しょうせつ
親,おや
それに,それに
西洋,せいよう
思う,おもう
パート (タイム),パート (タイム)
時代,じだい
申し上げる,もうしあげる
～式,～しき
出席,しゅっせきする
～家,～か
迎える,むかえる
触る,さわる
建て,～だて
社長,しゃちょう
動物園,どうぶつえん
捕まえる,つかまえる
季節,きせつ
寄る,よる
決まる,きまる
開く,ひらく
逃げる,にげる
だから,だから
残念,ざんねん
畳,たたみ
丁寧,ていねい
地理,ちり
さっき,さっき
怖い,こわい
包む,つつむ
なるべく,なるべく
無理,むり
サンドイッチ,サンドイッチ
会議室,かいぎしつ
品物,しなもの
人形,にんぎょう
利用,りよう
飾る,かざる
止める,とめる
恥ずかしい,はずかしい
いくら～ても,いくら～ても
用事,ようじ
ビル,ビル
けんかする,けんかする
頑張る,がんばる
投げる,なげる
故障,こしょうする
力,ちから
受ける,うける
気分,きぶん
間違える,まちがえる
そんな,そんな
星,ほし
場合,ばあい
やっと,やっと
足りる,たりる
行う,おこなう
ぶどう,ぶどう
無くなる,なくなる
準備,じゅんびする
世界,せかい
住所,じゅうしょ
再来月,さらいげつ
林,はやし
倍,ばい
痩せる,やせる
線,せん
戦争,せんそう
決める,きめる
調べる,しらべる
寝坊,ねぼう
パパ,パパ
光る,ひかる
夫,おっと
雲,くも
坂,さか
～(て) しまう,～(て) しまう
飛行場,ひこうじょう
柔道,じゅうどう
決して,けっして
事務所,じむしょ
連絡,れんらく
小学校,しょうがっこう
客,きゃく
昔,むかし
美しい,うつくしい
捨てる,すてる
なさる,なさる
事,こと
どんどん,どんどん
試合,しあい
適当,てきとう
素晴らしい,すばらしい
美術館,びじゅつかん
文法,ぶんぽう
終わり,おわり
壁,かべ
一度,いちど
お礼,おれい
親切,しんせつ
知らせる,しらせる
歯医者,はいしゃ
熱心,ねっしん
始める,はじめる
もらう,もらう
泣く,なく
治る,なおる
熱,ねつ
お祭り,おまつり
水道,すいどう
匂い,におい
ベル,ベル
赤ん坊,あかんぼう
おかしい,おかしい
事故,じこ
変,へん
辞典,じてん
残る,のこる
立てる,たてる
くれる,くれる
～員,～いん
原因,げんいん
驚く,おどろく
いただく,頂く
祖母,そぼ
場所,ばしょ
答,こたえ
もちろん,もちろん
漬ける,つける
受付,うけつけ
内,うち
スクリーン,スクリーン
増える,ふえる
または,または
けがする,けがする
以下,いか
選ぶ,えらぶ
～ばかり,～ばかり
心,こころ
～だす,～だす
サラダ,サラダ
届ける,とどける
あいさつする,挨拶
景色,けしき
確か,たしか
ステーキ,ステーキ
食料品,しょくりょうひん
森,もり
以内,いない
予定,よてい
オーバー,オーバー
乾く,かわく
石,いし
思い出す,おもいだす
踊る,おどる
細かい,こまかい
塗る,ぬる
ご主人,ごしゅじん
珍しい,めずらしい
用,よう
公務員,こうむいん
お嬢さん,おじょうさん
用意,ようい
探す,さがす
形,かたち
運転,うんてんする
すっかり,すっかり
アナウンサー,アナウンサー
お土産,おみやげ
消しゴム,けしゴム
旅館,りょかん
海岸,かいがん
寂しい,さびしい
火,ひ
育てる,そだてる
味噌,みそ
お祝い,おいわい
乗り物,のりもの
案内,あんないする
通う,かよう
連れる,つれる
技術,ぎじゅつ
小鳥,ことり
下宿,げしゅく
ジャム,ジャム
招待,しょうたいする
鏡,かがみ
はず,はず
法律,ほうりつ
進む,すすむ
楽む,たのしむ
貿易,ぼうえき
反対,はんたい
おる,おる
申す,もうす
試験,しけん
真面目,まじめ
ごらんになる,
店員,てんいん
泊まる,とまる
よろしい,よろしい
今夜,こんや
おつり,おつり
チェックする,チェックする
会話,かいわ
空気,くうき
交通,こうつう
ワープロ,ワープロ
喜ぶ,よろこぶ
急行,きゅうこう
皆,みな
味,あじ
空港,くうこう
手袋,てぶくろ
校長,こうちょう
ごちそう,ごちそう
踊り,おどり
興味,きょうみ
引っ越す,ひっこす
冷房,れいぼう
都合,つごう
遠慮,えんりょする
亡くなる,なくなる
科学,かがく
はっきり,はっきり
差し上げる,さしあげる
気持ち,きもち
祖父,そふ
港,みなと
予約,よやく
凄い,すごい
入学,にゅうがくする
片付ける,かたづける
写す,うつす
パソコン,パソコン
部長,ぶちょう
火事,かじ
足す,たす
教会,きょうかい
彼ら,かれら
いっぱい,一杯
アメリカ,アメリカ
男性,だんせい
理由,りゆう
生産,せいさんする
着物,きもの
おもちゃ,おもちゃ
暮れる,くれる
釣る,つる
～ちゃん,～ちゃん
打つ,うつ
あんな,あんな
謝る,あやまる
昼間,ひるま
教育,きょういく
女性,じょせい
米,こめ
邪魔,じゃま
国際,こくさい
隅,すみ
伺う,うかがう
再来週,さらいしゅう
夢,ゆめ
喉,のど
最近,さいきん
周り,まわり
歴史,れきし
不便,ふべん
血,ち
～続ける,～つづける
毛,け
ひどい,ひどい
例えば,たとえば
中々,なかなか
随分,ずいぶん
～やすい,～やすい
押し入れ,おしいれ
電灯,でんとう
叱る,しかる
サンダル,サンダル
びっくりする,びっくりする
うまい,うまい
変える,かえる
講堂,こうどう
子,こ
沸かす,わかす
レジ,レジ
しばらく,しばらく
特に,とくに
空く,あく
計画,けいかくする
通り,とおり
下着,したぎ
経済,けいざい
こう,こう
是非,ぜひ
裏,うら
為,ため
おいでになる,おいでになる
変わる,かわる
以外,いがい
済む,すむ
ハンバーグ,ハンバーグ
市,し
引き出し,ひきだし
遊び,あそび
支度,したくする
～始める,～はじめる
見える,みえる
十分,じゅうぶん
音,おと
きっと,きっと
まず,まず
遠く,とおく
大体,だいたい
折れる,おれる
正しい,ただしい
輸入,ゆにゅう
返事,へんじ
都,と
産業,さんぎょう
伝える,つたえる
お金持ち,かねもち; おかねもち
説明,せつめい
島,しま
道具,どうぐ
滑る,すべる
それほど,それほど
以上,いじょう
～まま,～まま
特急,とっきゅう
プレゼント,プレゼント
～(に) よると,～(に) よると
妻,つま
帰り,かえり
具合,ぐあい
堅; 硬; 固い,かたい
駐車場,ちゅうしゃじょう
スーツ,スーツ
危険,きけん
髪,かみ
天気予報,てんきよほう
彼女,かのじょ
間,あいだ
卒業,そつぎょう
それで,それで
枝,えだ
専門,せんもん
そろそろ,そろそろ
送る,おくる
あげる,あげる
騒ぐ,さわぐ
尋ねる,たずねる
放送,ほうそうする
政治,せいじ
市民,しみん
ファックス,ファックス
負ける,まける
指輪,ゆびわ
田舎,いなか
見つける,みつける
高校生,こうこうせい
講義,こうぎ
そんなに,そんなに
昼休み,ひるやすみ
忘れ物,わすれもの
下りる,おりる
腕,うで
訳,わけ
承知,しょうちする
日記,にっき
高校; 高等学校,こうこう; こうとうがっこう
似る,にる
～おわる,～おわる
暖房,だんぼう
留守,るす
割合,わりあい
寺,てら
慣れる,なれる
普通,ふつう
手伝う,てつだう
なるほど,なるほど
くださる,くださる
息子,むすこ
お子さん,おこさん
会場,かいじょう
笑う,わらう
運ぶ,はこぶ
文学,ぶんがく
光,ひかり
お見舞い,おみまい
席,せき
～様,～さま
ご存じ,ごぞんじ
下る,さがる
字,じ
アジア,アジア
褒める,ほめる
空く,すく
あ,あ
最も,もっとも
合う,あう
～代,～だい
最後,さいご
値段,ねだん
退院,たいいんする
展覧会,てんらんかい
久しぶり,ひさしぶり
カーテン,カーテン
汽車,きしゃ
遅れる,おくれる
見つかる,みつかる
召し上がる,めしあがる
太る,ふとる
注射,ちゅうしゃ
様,よう
～おき,～おき
最初,さいしょ
御～,ご～
安心,あんしん
直る,なおる
集める,あつめる
直す,なおす
続く,つづく
先輩,せんぱい
約束,やくそく
世話,せわする
近所,きんじょ
将来,しょうらい
億,おく
数学,すうがく
文化,ぶんか
払う,はらう
習慣,しゅうかん
焼ける,やける
君,きみ
冷える,ひえる
点く,つく
この間,このあいだ
かっこう,格好
かまう,
続ける,つづける
落す,おとす
明日,あす
出発,しゅっぱつする
拝見,はいけんする
割れる,われる
背中,せなか
新聞社,しんぶんしゃ
いじめる,いじめる
回る、回す,まわる、まわす
～君,～くん
おっしゃる,おっしゃる
眠い,ねむい
濡れる,ぬれる
倒れる,たおれる
スーパー (マーケット),スーパー (マーケット)
アクセサリー,アクセサリー
考える,かんがえる
向かう,むかう
自由,じゆう
仕方,しかた
首,くび
程,ほど
代わり,かわり
失敗,しっぱい
工業,こうぎょう
移る,うつる
スーツケース,スーツケース
ひげ,ひげ
研究室,けんきゅうしつ
工場,こうじょう
紹介,しょうかい
けれど; けれども,けれど; けれども
舟,ふね
動く,うごく
～(に) ついて,～(に) ついて
コンサート,コンサート
虫,むし
優しい,やさしい
コンピュータ; コンピューター,コンピュータ; コンピューター
植える,うえる
両方,りょうほう
汚れる,よごれる
水泳,すいえい
経験,けいけんする
勝つ,かつ
砂,すな
警察,けいさつ
取り替える,とりかえる
急ぐ,いそぐ
簡単,かんたん
参る,まいる
全然,ぜんぜん
特別,とくべつ
復習,ふくしゅう
間に合う,まにあう
役に立つ,やくにたつ
もうすぐ,もうすぐ
真中,まんなか
戻る,もどる
研究,けんきゅう
ケーキ,ケーキ
草,くさ
込む,こむ
この頃,このごろ
訪ねる,たずねる
下げる,さげる
花見,はなみ
途中,とちゅう
入院,にゅういんする
乗り換える,のりかえる
別れる,わかれる
～町,～ちょう
安全,あんぜん
看護婦,かんごふ
見物,けんぶつ
相談,そうだんする
ガソリンスタンド,ガソリンスタンド
テニス,テニス
眠る,ねむる
上がる,あがる
翻訳,ほんやく
食事,しょくじする
おかげ,お陰
娘,むすめ
湯,ゆ
競争,きょうそう
会議,かいぎ
湖,みずうみ
集まる,あつまる
～にくい,～にくい
生活,せいかつする
糸,いと
関係,かんけい
ピアノ,ピアノ
～目,～め
番組,ばんぐみ
急,きゅう
棚,たな
木綿,もめん
輸出,ゆしゅつする
タイプ,タイプ
すり,すり
うれしい,嬉しい
アルコール,アルコール
ソフト,ソフト
神社,じんじゃ
大分,だいぶ
楽しみ,たのしみ
趣味,しゅみ
電報,でんぽう
家内,かない
指,ゆび
これから,これから
たまに,たまに
社会,しゃかい
ああ,ああ
会う,あう
青,あお
青い,あおい
赤,あか
赤い,あかい
明るい,あかるい
秋,あき
開く,あく
開ける,あける
上げる,あげる
朝,あさ
朝御飯,あさごはん
明後日,あさって
足; 脚,あし
明日,あした
あそこ,あそこ
遊ぶ,あそぶ
暖かい,あたたかい
頭,あたま
新しい,あたらしい
あちら,あちら
暑い,あつい
熱い,あつい
厚い,あつい
あっち,あっち
後,あと
あなた,あなた
兄,あに
姉,あね
アパート,アパート
あの,あの
浴びる,あびる
危ない,あぶない
甘い,あまい
余り,あまり
雨,あめ
飴,あめ
洗う,あらう
在る,ある
有る,ある
歩く,あるく
あれ,あれ
いい; よい,いい; よい
いいえ,いいえ
言う,いう
家,いえ
いかが,いかが
行く,いく; ゆく
いくつ,いくつ
いくら,いくら
池,いけ
医者,いしゃ
椅子,いす
忙しい,いそがしい
痛い,いたい
一,いち
一日,いちにち
一番,いちばん
いつ,いつ
五日,いつか
一緒,いっしょ
五つ,いつつ
いつも,いつも
犬,いぬ
今,いま
意味,いみ
妹,いもうと
嫌,いや
入口,いりぐち
居る,いる
要る,いる
入れる,いれる
色,いろ
色々,いろいろ
上,うえ
後ろ,うしろ
薄い,うすい
歌,うた
歌う,うたう
うち,うち
生まれる,うまれる
海,うみ
売る,うる
うるさい,うるさい
上着,うわぎ
絵,え
映画,えいが
映画館,えいがかん
英語,えいご
ええ,ええ
駅,えき
エレベーター,エレベーター
～円,～えん
鉛筆,えんぴつ
お～,お～
美味しい,おいしい
多い,おおい
大きい,おおきい
大きな,おおきな
大勢,おおぜい
お母さん,おかあさん
お菓子,おかし
お金,おかね
起きる,おきる
置く,おく
奥さん,おくさん
お酒,おさけ
お皿,おさら
伯父; 叔父さん,おじさん
おじいさん,おじいさん
教える,おしえる
押す,おす
遅い,おそい
お茶,おちゃ
お手洗い,おてあらい
お父さん,おとうさん
弟,おとうと
男,おとこ
男の子,おとこのこ
一昨日,おととい
おととし,おととし
大人,おとな
お腹,おなか
同じ,おなじ
お兄さん,おにいさん
お姉さん,おねえさん
伯母さん; 叔母さん,おばさん
おばあさん,おばあさん
お風呂,おふろ
お弁当,おべんとう
覚える,おぼえる
おまわりさん,おまわりさん
重い,おもい
面白い,おもしろい
泳ぐ,およぐ
降りる,おりる
終る,おわる
音楽,おんがく
女,おんな
女の子,おんなのこ
～回,～かい
～階,～かい
外国,がいこく
外国人,がいこくじん
会社,かいしゃ
階段,かいだん
買い物,かいもの
買う,かう
返す,かえす
帰る,かえる
顔,かお
かかる,かかる
鍵,かぎ
書く,かく
学生,がくせい
～か月,～かげつ
掛ける,かける
かける,かける
傘,かさ
貸す,かす
風,かぜ
風邪,かぜ
方,かた
家族,かぞく
片仮名,かたかな
～月,～がつ
学校,がっこう
カップ,カップ
家庭,かてい
角,かど
かばん,かばん
花瓶,かびん
かぶる,かぶる
紙,かみ
カメラ,カメラ
火曜日,かようび
辛い,からい
体,からだ
借りる,かりる
～がる,～がる
軽い,かるい
カレー,カレー
カレンダー,カレンダー
川; 河,かわ
～側,～がわ
可愛い,かわいい
漢字,かんじ
木,き
黄色,きいろ
黄色い,きいろい
消える,きえる
聞く,きく
北,きた
ギター,ギター
汚い,きたない
喫茶店,きっさてん
切手,きって
切符,きっぷ
昨日,きのう
九,きゅう
牛肉,ぎゅうにく
牛乳,ぎゅうにゅう
今日,きょう
教室,きょうしつ
兄弟,きょうだい
去年,きょねん
嫌い,きらい
切る,きる
着る,きる
綺麗,きれい
キロ; キログラム,キロ; キログラム
キロ; キロメートル,キロ; キロメートル
銀行,ぎんこう
金曜日,きんようび
九,く
薬,くすり
下さい,ください
果物,くだもの
口,くち
靴,くつ
靴下,くつした
国,くに
曇り,くもり
曇る,くもる
暗い,くらい
～くらい; ぐらい,～くらい; ぐらい
クラス,クラス
グラム,グラム
来る,くる
車,くるま
黒,くろ
黒い,くろい
警官,けいかん
今朝,けさ
消す,けす
結構,けっこう
結婚,けっこん (する)
月曜日,げつようび
玄関,げんかん
元気,げんき
～個,～こ
五,ご
～語,～ご
公園,こうえん
交差点,こうさてん
紅茶,こうちゃ
交番,こうばん
声,こえ
コート,コート
コーヒー,コーヒー
ここ,ここ
午後,ごご
九日,ここのか
九つ,ここのつ
午前,ごぜん
答える,こたえる
こちら,こちら
こっち,こっち
コップ,コップ
今年,ことし
言葉,ことば
子供,こども
この,この
御飯,ごはん
コピーする,コピーする
困る,こまる
これ,これ
～ころ; ～ごろ,～ころ; ～ごろ
今月,こんげつ
今週,こんしゅう
こんな,こんな
今晩,こんばん
さあ,さあ
～歳,～さい
財布,さいふ
魚,さかな
先,さき
咲く,さく
作文,さくぶん
差す,さす
～冊,～さつ
雑誌,ざっし
砂糖,さとう
寒い,さむい
さ来年,さらいねん
～さん,～さん
三,さん
散歩,さんぽ (する)
四,し
～時,～じ
塩,しお
しかし,しかし
時間,じかん
～時間,～じかん
仕事,しごと
辞書,じしょ
静か,しずか
下,した
七,しち
質問,しつもん
自転車,じてんしゃ
自動車,じどうしゃ
死ぬ,しぬ
字引,じびき
自分,じぶん
閉まる,しまる
閉める,しめる
締める,しめる
じゃ; じゃあ,じゃ; じゃあ
写真,しゃしん
シャツ,シャツ
シャワー,シャワー
十,じゅう
～中,～じゅう
～週間,～しゅうかん
授業,じゅぎょう
宿題,しゅくだい
上手,じょうず
丈夫,じょうぶ
醤油,しょうゆ
食堂,しょくどう
知る,しる
白,しろ
白い,しろい
～人,～じん
新聞,しんぶん
水曜日,すいようび
吸う,すう
スカート,スカート
好き,すき
～すぎ,～すぎ
少ない,すくない
すぐに,すぐに
少し,すこし
涼しい,すずしい
～ずつ,～ずつ
ストーブ,ストーブ
スプーン,スプーン
スポーツ,スポーツ
ズボン,ズボン
住む,すむ
する,する
座る,すわる
背,せい
生徒,せいと
セーター,セーター
石鹸,せっけん
背広,せびろ
狭い,せまい
ゼロ,ゼロ
千,せん
先月,せんげつ
先週,せんしゅう
先生,せんせい
洗濯,せんたく
全部,ぜんぶ
そう; そうです,そう; そうです
掃除,そうじ (する)
そうして; そして,そうして; そして
そこ,そこ
そちら,そちら
そっち,そっち
外,そと
その,その
そば,そば
空,そら
それ,それ
それから,それから
それでは,それでは
～台,～だい
大学,だいがく
大使館,たいしかん
大丈夫,だいじょうぶ
大好き,だいすき
大切,たいせつ
台所,だいどころ
大変,たいへん
高い,たかい
～だけ,～だけ
沢山,たくさん
タクシー,タクシー
出す,だす
～たち,～たち
立つ,たつ
たて,たて
建物,たてもの
楽しい,たのしい
頼む,たのむ
たばこ,たばこ
多分,たぶん
食べ物,たべもの
食べる,たべる
卵,たまご
誰,だれ
誰か,だれか
誕生日,たんじょうび
段々,だんだん
小さい,ちいさい
小さな,ちいさな
近い,ちかい
違う,ちがう
近く,ちかく
地下鉄,ちかてつ
地図,ちず
父,ちち
茶色,ちゃいろ
茶碗,ちゃわん
～中,～ちゅう
丁度,ちょうど
ちょっと,ちょっと
一日,ついたち
使う,つかう
疲れる,つかれる
次,つぎ
着く,つく
机,つくえ
作る,つくる
つける,つける
勤める,つとめる
つまらない,つまらない
冷たい,つめたい
強い,つよい
手,て
テープ,テープ
テープレコーダー,テープレコーダー
テーブル,テーブル
出かける,でかける
手紙,てがみ
できる,できる
出口,でぐち
テスト,テスト
では,では
デパート,デパート
でも,でも
出る,でる
テレビ,テレビ
天気,てんき
電気,でんき
電車,でんしゃ
電話,でんわ
戸,と
～度,～ど
ドア,ドア
トイレ,トイレ
どう,どう
どうして,どうして
どうぞ,どうぞ
動物,どうぶつ
どうも,どうも
十,(〜を) とお
遠い,とおい
十日,とおか
～時,～とき
時々,ときどき
時計,とけい
どこ,どこ
所,ところ
年,とし
図書館,としょかん
どちら,どちら
どっち,どっち
とても,とても
どなた,どなた
隣,となり
どの,どの
飛ぶ,とぶ
止まる,とまる
友達,ともだち
土曜日,どようび
鳥,とり
鶏肉,とりにく
取る,とる
撮る,とる
どれ,どれ
どんな,どんな
ない,ない
ナイフ,ナイフ
中,なか
長い,ながい
鳴く,なく
無くす,なくす
なぜ,なぜ
夏,なつ
夏休み,なつやすみ
～など,～など
七つ,ななつ
何,なん; なに
七日,なのか
名前,なまえ
習う,ならう
並ぶ,ならぶ
並べる,ならべる
なる,なる
何～,なん～
二,に
にぎやか,にぎやか
肉,にく
西,にし
～日,～にち
日曜日,にちようび
荷物,にもつ
ニュース,ニュース
庭,にわ
～人,～にん
脱ぐ,ぬぐ
温い,ぬるい
ネクタイ,ネクタイ
猫,ねこ
寝る,ねる
～年,～ねん
ノート,ノート
登る,のぼる
飲み物,のみもの
飲む,のむ
乗る,のる
歯,は
パーティー,パーティー
はい,はい
～杯,～はい
灰皿,はいざら
入る,はいる
葉書,はがき
はく,はく
箱,はこ
橋,はし
箸,はし
始まる,はじまる
初め; 始め,はじめ
初めて,はじめて
走る,はしる
バス,バス
バター,バター
二十歳,はたち
働く,はたらく
八,はち
二十日,はつか
花,はな
鼻,はな
話,はなし
話す,はなす
母,はは
早い,はやい
速い,はやい
春,はる
貼る,はる
晴れ,はれ
晴れる,はれる
半,はん
晩,ばん
～番,～ばん
パン,パン
ハンカチ,ハンカチ
番号,ばんごう
晩御飯,ばんごはん
半分,はんぶん
東,ひがし
～匹,～ひき
引く,ひく
弾く,ひく
低い,ひくい
飛行機,ひこうき
左,ひだり
人,ひと
一つ,ひとつ
一月,ひとつき
一人,ひとり
暇,ひま
百,ひゃく
病院,びょういん
病気,びょうき
平仮名,ひらがな
昼,ひる
昼御飯,ひるごはん
広い,ひろい
フィルム,フィルム
封筒,ふうとう
プール,プール
フォーク,フォーク
吹く,ふく
服,ふく
二つ,ふたつ
豚肉,ぶたにく
二人,ふたり
二日,ふつか
太い,ふとい
冬,ふゆ
降る,ふる
古い,ふるい
～分,～ふん
文章,ぶんしょう
ページ,ページ
下手,へた
ベッド,ベッド
ペット,ペット
部屋,へや
辺,へん
ペン,ペン
勉強,べんきょう (する)
便利,べんり
帽子,ぼうし
ボールペン,ボールペン
外,ほか
ポケット,ポケット
欲しい,ほしい
ポスト,ポスト
細い,ほそい
ボタン,ボタン
ホテル,ホテル
本,ほん
～本,～ほん
本棚,ほんだな
本当,ほんとう
～枚,～まい
毎朝,まいあさ
毎月,まいげつ; まいつき
毎週,まいしゅう
毎日,まいにち
毎年,まいねん; まいとし
毎晩,まいばん
前,まえ
～前,～まえ
曲る,まがる
まずい,まずい
また,また
まだ,まだ
町,まち
待つ,まつ
まっすぐ,まっすぐ
マッチ,マッチ
窓,まど
丸い; 円い,まるい
万,まん
万年筆,まんねんひつ
磨く,みがく
右,みぎ
短い,みじかい
水,みず
店,みせ
見せる,みせる
道,みち
三日,みっか
三つ,みっつ
緑,みどり
皆さん,みなさん
南,みなみ
耳,みみ
見る,みる
みんな,みんな
六日,むいか
向こう,むこう
難しい,むずかしい
六つ,むっつ
村,むら
目,め
メートル,メートル
眼鏡,めがね
もう,もう
木曜日,もくようび
もしもし,もしもし
持つ,もつ
もっと,もっと
物,もの
門,もん
問題,もんだい
～屋,～や
八百屋,やおや
野菜,やさい
易しい,やさしい
安い,やすい
休み,やすみ
休む,やすむ
八つ,やっつ
山,やま
やる,やる
夕方,ゆうがた
夕飯,ゆうはん
郵便局,ゆうびんきょく
昨夜,ゆうべ
有名,ゆうめい
雪,ゆき
ゆっくりと,ゆっくりと
八日,ようか
洋服,ようふく
よく,よく
横,よこ
四日,よっか
四つ,よっつ
呼ぶ,よぶ
読む,よむ
夜,よる
弱い,よわい
来月,らいげつ
来週,らいしゅう
来年,らいねん
ラジオ,ラジオ
ラジオカセ,ラジオカセ
りっぱ,りっぱ
留学生,りゅうがくせい
両親,りょうしん
料理,りょうり
旅行,りょこう
零,れい
冷蔵庫,れいぞうこ
レコード,レコード
レストラン,レストラン
練習,れんしゅう (する)
廊下,ろうか
六,ろく
ワイシャツ,ワイシャツ
若い,わかい
分かる,わかる
忘れる,わすれる
私,わたし
私,わたくし
渡す,わたす
渡る,わたる
悪い,わるい