作法,さほう,N3,n,"""manners"""
左右,さゆう,N3,n,"""left and right"""
皿,さら,N3,n,"""plate"""
猿,さる,N3,n,"""monkey (esp. the Japanese macaque"
騒ぎ,さわぎ,N3,n,"""uproar"""
参加,さんか,N3,n,"""participation"""
参考,さんこう,N3,n,"""reference"""
賛成,さんせい,N3,n,"""approval"""
酸性,さんせい,N3,n,"""acidity"""
酸素,さんそ,N3,n,"""oxygen (O)"""
詩,し,N3,n,"""poem"""
幸せ,しあわせ,N3,n,"""happiness"""
ジーンズ,ジーンズ,N3,n,"""jeans"""
ジェット機,ジェットき,N3,n,"""jet aeroplane"""
四季,しき,N3,n,"""the four seasons"""
時期,じき,N3,n,"""time"""
支給,しきゅう,N3,n,"""provision"""
刺激,しげき,N3,n,"""stimulus"""
資源,しげん,N3,n,"""resources"""
事件,じけん,N3,n,"""event"""
時刻,じこく,N3,n,"""time"""
自殺,じさつ,N3,n,"""suicide"""
支出,ししゅつ,N3,n,"""expenditure"""
事情,じじょう,N3,n,"""circumstances"""
詩人,しじん,N3,n,"""poet"""
自身,じしん,N3,n,"""(one's) self"""
自然,しぜん,N3,n,"""nature"""
思想,しそう,N3,n,"""thought"""
舌,した,N3,n,"""tongue"""
質,しつ,N3,n,"""quality"""
失業,しつぎょう,N3,n,"""unemployment"""
湿気,しっけ,N3,n,"""moisture"""
実験,じっけん,N3,n,"""experiment"""
実現,じつげん,N3,n,"""implementation (e.g. of a system)"""
実行,じっこう,N3,n,"""execution (e.g. of a plan)"""
実際,じっさい,N3,n,"""reality"""
実施,じっし,N3,n,"""enforcement"""
湿度,しつど,N3,n,"""humidity"""
失望,しつぼう,N3,n,"""disappointment"""
実力,じつりょく,N3,n,"""(real) ability"""
支店,してん,N3,n,"""branch office"""
指導,しどう,N3,n,"""guidance"""
児童,じどう,N3,n,"""children"""
品,しな,N3,n,"""article"""
支配,しはい,N3,n,"""rule"""
芝居,しばい,N3,n,"""play"""
芝生,しばふ,N3,n,"""lawn"""
支払,しはらい,N3,n,"""payment"""
死亡,しぼう,N3,n,"""death"""
資本,しほん,N3,n,"""funds"""
姉妹,しまい,N3,n,"""sisters"""
自慢,じまん,N3,n,"""pride"""
下,しも,N3,n,"""lower reaches (of a river)"""
霜,しも,N3,n,"""frost"""
借金,しゃっきん,N3,n,"""debt"""
週,しゅう,N3,n,"""week"""
州,しゅう,N3,n,"""state (of the US"
銃,じゅう,N3,n,"""gun"""
周囲,しゅうい,N3,n,"""surroundings"""
収穫,しゅうかく,N3,n,"""harvest"""
宗教,しゅうきょう,N3,n,"""religion"""
重視,じゅうし,N3,n,"""regarding as important"""
就職,しゅうしょく,N3,n,"""finding employment"""
ジュース,ジュース,N3,n,"""juice"""
修正,しゅうせい,N3,n,"""amendment"""
重体,じゅうたい,N3,n,"""serious condition"""
渋滞,じゅうたい,N3,n,"""(traffic) congestion"""
住宅,じゅうたく,N3,n,"""residence"""
集団,しゅうだん,N3,n,"""group"""
集中,しゅうちゅう,N3,n,"""concentration (on a task)"""
収入,しゅうにゅう,N3,n,"""income"""
住民,じゅうみん,N3,n,"""inhabitant"""
修理,しゅうり,N3,n,"""repair"""
主義,しゅぎ,N3,n,"""doctrine"""
宿泊,しゅくはく,N3,n,"""accommodation"""
手術,しゅじゅつ,N3,n,"""surgery"""
首相,しゅしょう,N3,n,"""prime minister"""
手段,しゅだん,N3,n,"""means"""
主張,しゅちょう,N3,n,"""claim"""
出場,しゅつじょう,N3,n,"""participation (in a tournament"
出身,しゅっしん,N3,n,"""one's origin (e.g. city"
出版,しゅっぱん,N3,n,"""publication"""
首都,しゅと,N3,n,"""capital (city)"""
主婦,しゅふ,N3,n,"""housewife"""
需要,じゅよう,N3,n,"""demand"""
種類,しゅるい,N3,n,"""variety"""
順,じゅん,N3,n,"""order"""
瞬間,しゅんかん,N3,n,"""moment"""
順番,じゅんばん,N3,n,"""order"""
使用,しよう,N3,n,"""use"""
小,しょう,N3,n,"""smallness"""
章,しょう,N3,n,"""chapter"""
賞,しょう,N3,n,"""prize"""
障害,しょうがい,N3,n,"""obstacle"""
奨学金,しょうがくきん,N3,n,"""scholarship"""
乗客,じょうきゃく,N3,n,"""passenger"""
上京,じょうきょう,N3,n,"""going (up) to the capital"""
状況,じょうきょう,N3,n,"""state of affairs"""
条件,じょうけん,N3,n,"""condition"""
正午,しょうご,N3,n,"""noon"""
常識,じょうしき,N3,n,"""common sense"""
少女,しょうじょ,N3,n,"""girl (usu. between 7 and 17)"""
症状,しょうじょう,N3,n,"""symptoms"""
状態,じょうたい,N3,n,"""state"""
上達,じょうたつ,N3,n,"""improvement (e.g. in skill"
冗談,じょうだん,N3,n,"""joke"""
衝突,しょうとつ,N3,n,"""collision"""
商人,しょうにん,N3,n,"""merchant"""
承認,しょうにん,N3,n,"""recognition"""
少年,しょうねん,N3,n,"""boy"""
商売,しょうばい,N3,n,"""trade"""
消費,しょうひ,N3,n,"""consumption"""
商品,しょうひん,N3,n,"""commodity"""
賞品,しょうひん,N3,n,"""prize"""
消防,しょうぼう,N3,n,"""fire fighting"""
情報,じょうほう,N3,n,"""information"""
証明,しょうめい,N3,n,"""proof"""
省略,しょうりゃく,N3,n,"""omission"""
女王,じょおう,N3,n,"""queen"""
職,しょく,N3,n,"""job"""
職業,しょくぎょう,N3,n,"""occupation"""
食卓,しょくたく,N3,n,"""dining table"""
食品,しょくひん,N3,n,"""food"""
植物,しょくぶつ,N3,n,"""plant"""
食物,しょくもつ,N3,n,"""food"""
食欲,しょくよく,N3,n,"""appetite (for food)"""
食料,しょくりょう,N3,n,"""food"""
食糧,しょくりょう,N3,n,"""food (esp. staple food such as rice or wheat)"""
書斎,しょさい,N3,n,"""study"""
女子,じょし,N3,n,"""woman"""
助手,じょしゅ,N3,n,"""assistant"""
署名,しょめい,N3,n,"""signature"""
書物,しょもつ,N3,n,"""book"""
女優,じょゆう,N3,n,"""actress"""
処理,しょり,N3,n,"""processing"""
書類,しょるい,N3,n,"""document"""
知らせ,しらせ,N3,n,"""news"""
尻,しり,N3,n,"""buttocks"""
知合い,しりあい,N3,n,"""acquaintance"""
印,しるし,N3,n,"""mark"""
城,しろ,N3,n,"""castle"""
進学,しんがく,N3,n,"""advancing to the next stage of education"""
神経,しんけい,N3,n,"""nerve"""
信仰,しんこう,N3,n,"""(religious) faith"""
信号,しんごう,N3,n,"""signal"""
人工,じんこう,N3,n,"""artificial"""
診察,しんさつ,N3,n,"""medical examination"""
人種,じんしゅ,N3,n,"""race (of people)"""
人生,じんせい,N3,n,"""(one's) life"""
親戚,しんせき,N3,n,"""relative"""
心臓,しんぞう,N3,n,"""heart"""
身体,しんたい,N3,n,"""body"""
身長,しんちょう,N3,n,"""height (of a person)"""
審判,しんぱん,N3,n,"""judgement"""
人物,じんぶつ,N3,n,"""person"""
進歩,しんぽ,N3,n,"""progress"""
親友,しんゆう,N3,n,"""close friend"""
信用,しんよう,N3,n,"""confidence"""
信頼,しんらい,N3,n,"""trust (in)"""
心理,しんり,N3,n,"""state of mind"""
人類,じんるい,N3,n,"""mankind"""
巣,す,N3,n,"""nest"""
酢,す,N3,n,"""vinegar"""
図,ず,N3,n,"""drawing"""
水準,すいじゅん,N3,n,"""level"""
推薦,すいせん,N3,n,"""recommendation"""
スイッチ,スイッチ,N3,n,"""switch"""
睡眠,すいみん,N3,n,"""sleep"""
数字,すうじ,N3,n,"""numeral"""
スープ,スープ,N3,n,"""(Western) soup"""
末,すえ,N3,n,"""end"""
姿,すがた,N3,n,"""figure"""
スキー,スキー,N3,n,"""skiing"""
スケート,スケート,N3,n,"""skating (esp. ice)"""
スケジュール,スケジュール,N3,n,"""schedule"""
筋,すじ,N3,n,"""muscle"""
スター,スター,N3,n,"""star (actor"
スタイル,スタイル,N3,n,"""(one's) figure"""
スタンド,スタンド,N3,n,"""stands"""
頭痛,ずつう,N3,n,"""headache"""
スピーチ,スピーチ,N3,n,"""speech"""
全て,すべて,N3,n,"""everything"""
角,すみ,N3,n,"""corner"""
墨,すみ,N3,n,"""sumi"""
正,せい,N3,n,"""(logical) true"""
生,せい,N3,n,"""life"""
性,せい,N3,n,"""nature (of a person)"""
姓,せい,N3,n,"""surname"""
所為,せい,N3,n,"""consequence"""
税,ぜい,N3,n,"""tax"""
性格,せいかく,N3,n,"""character (of a person)"""
世紀,せいき,N3,n,"""century"""
請求,せいきゅう,N3,n,"""claim"""
税金,ぜいきん,N3,n,"""tax"""
制限,せいげん,N3,n,"""restriction"""
成功,せいこう,N3,n,"""success"""
性質,せいしつ,N3,n,"""nature (of a person)"""
精神,せいしん,N3,n,"""mind"""
成人,せいじん,N3,n,"""adult"""
成績,せいせき,N3,n,"""results"""
製造,せいぞう,N3,n,"""manufacture"""
贅沢,ぜいたく,N3,n,"""luxury"""
成長,せいちょう,N3,n,"""growth"""
生長,せいちょう,N3,n,"""growth (of a plant)"""
制度,せいど,N3,n,"""system"""
青年,せいねん,N3,n,"""youth"""
生年月日,せいねんがっぴ,N3,n,"""birth date"""
製品,せいひん,N3,n,"""manufactured goods"""
政府,せいふ,N3,n,"""government"""
生物,せいぶつ,N3,n,"""living thing"""
生命,せいめい,N3,n,"""life"""
整理,せいり,N3,n,"""sorting"""
咳,せき,N3,n,"""cough"""
石炭,せきたん,N3,n,"""coal"""
責任,せきにん,N3,n,"""duty"""
石油,せきゆ,N3,n,"""oil"""
世間,せけん,N3,n,"""world"""
説,せつ,N3,n,"""theory"""
設計,せっけい,N3,n,"""plan"""
セット,セット,N3,n,"""set (of things)"""
愛,あい,N3,n,"""love"""
愛情,あいじょう,N3,n,"""love"""
合図,あいず,N3,n,"""sign"""
アイスクリーム,アイスクリーム,N3,n,"""ice cream"""
相手,あいて,N3,n,"""companion"""
明かり,あかり,N3,n,"""light"""
空き,あき,N3,n,"""space"""
握手,あくしゅ,N3,n,"""handshake"""
悪魔,あくま,N3,n,"""devil"""
汗,あせ,N3,n,"""sweat"""
辺り,あたり,N3,n,"""(in the) neighbourhood"""
集まり,あつまり,N3,n,"""gathering"""
跡,あと,N3,n,"""trace"""
穴,あな,N3,n,"""hole"""
油,あぶら,N3,n,"""oil"""
脂,あぶら,N3,n,"""fat"""
誤り,あやまり,N3,n,"""error"""
粗,あら,N3,n,"""remaining bony parts (of a fish after filleting)"""
嵐,あらし,N3,n,"""storm"""
現れ,あらわれ,N3,n,"""embodiment"""
アルバム,アルバム,N3,n,"""album"""
泡,あわ,N3,n,"""bubble"""
哀れ,あわれ,N3,n,"""pity"""
案,あん,N3,n,"""idea"""
暗記,あんき,N3,n,"""memorization"""
安定,あんてい,N3,n,"""stability"""
胃,い,N3,n,"""stomach"""
委員,いいん,N3,n,"""committee member"""
行き,いき,N3,n,"""the way there"""
行き,ゆき,N3,n,"""the way there"""
息,いき,N3,n,"""breath"""
勢い,いきおい,N3,n,"""force"""
生き物,いきもの,N3,n,"""living thing"""
医師,いし,N3,n,"""doctor"""
意思,いし,N3,n,"""intention"""
意志,いし,N3,n,"""will"""
維持,いじ,N3,n,"""maintenance"""
意識,いしき,N3,n,"""consciousness"""
泉,いずみ,N3,n,"""spring"""
以前,いぜん,N3,n-suf,"""before"""
板,いた,N3,n,"""board"""
痛み,いたみ,N3,n,"""pain"""
市,いち,N3,n,"""market"""
位置,いち,N3,n,"""place"""
一時,いちじ,N3,n,"""one o'clock"""
市場,いちば,N3,n,"""(town) market"""
一家,いっか,N3,n,"""a family"""
一種,いっしゅ,N3,n,"""a kind"""
一瞬,いっしゅん,N3,n,"""instant"""
一生,いっしょう,N3,n,"""whole life"""
一致,いっち,N3,n,"""agreement"""
一方,いっぽう,N3,n,"""one (esp. of two)"""
移動,いどう,N3,n,"""movement"""
従兄弟,いとこ,N3,n,"""cousin (male)"""
従姉妹,いとこ,N3,n,"""cousin (female)"""
稲,いね,N3,n,"""rice plant (Oryza sativa)"""
居眠り,いねむり,N3,n,"""nodding off (while sitting)"""
命,いのち,N3,n,"""life"""
違反,いはん,N3,n,"""violation"""
衣服,いふく,N3,n,"""clothes"""
居間,いま,N3,n,"""living room (Western style)"""
イメージ,イメージ,N3,n,"""image (in one's mind)"""
以来,いらい,N3,n,"""since"""
依頼,いらい,N3,n,"""request"""
医療,いりょう,N3,n,"""medical treatment"""
岩,いわ,N3,n,"""rock"""
祝い,いわい,N3,n,"""congratulation"""
インク,インク,N3,n,"""ink"""
印刷,いんさつ,N3,n,"""printing"""
印象,いんしょう,N3,n,"""impression"""
引退,いんたい,N3,n,"""retirement"""
インタビュー,インタビュー,N3,n,"""interview (on television"
引用,いんよう,N3,n,"""quotation"""
ウイスキー,ウイスキー,N3,n,"""whisky"""
上,うわ,N3,n,"""upper"""
魚,うお,N3,n,"""fish"""
兎,うさぎ,N3,n,"""rabbit"""
牛,うし,N3,n,"""cattle (Bos taurus)"""
宇宙,うちゅう,N3,n,"""universe"""
馬,うま,N3,n,"""horse"""
生まれ,うまれ,N3,n,"""birth"""
有無,うむ,N3,n,"""existence or nonexistence"""
梅,うめ,N3,n,"""Japanese apricot (Prunus mume)"""
噂,うわさ,N3,n,"""rumour"""
運,うん,N3,n,"""fortune"""
運転,うんてん,N3,n,"""operation (of a machine)"""
柄,え,N3,n,"""handle"""
永遠,えいえん,N3,n,"""eternity"""
永久,えいきゅう,N3,n,"""eternity"""
影響,えいきょう,N3,n,"""influence"""
営業,えいぎょう,N3,n,"""business"""
衛星,えいせい,N3,n,"""(natural) satellite"""
栄養,えいよう,N3,n,"""nutrition"""
笑顔,えがお,N3,n,"""smiling face"""
餌,えさ,N3,n,"""(animal) feed"""
エネルギー,エネルギー,N3,n,"""energy"""
円,えん,N3,n,"""yen (Japanese monetary unit)"""
延期,えんき,N3,n,"""postponement"""
演技,えんぎ,N3,n,"""acting"""
援助,えんじょ,N3,n,"""assistance"""
エンジン,エンジン,N3,n,"""engine"""
演説,えんぜつ,N3,n,"""speech"""
演奏,えんそう,N3,n,"""musical performance"""
老い,おい,N3,n,"""old age"""
王,おう,N3,n,"""king"""
応援,おうえん,N3,n,"""aid"""
王様,おうさま,N3,n,"""king"""
王子,おうじ,N3,n,"""prince"""
横断,おうだん,N3,n,"""crossing (a road"
大家,おおや,N3,n,"""landlord"""
丘,おか,N3,n,"""hill"""
沖,おき,N3,n,"""open sea"""
奥,おく,N3,n,"""inner part"""
お辞儀,おじぎ,N3,n,"""bow"""
お喋り,おしゃべり,N3,n,"""chattering"""
汚染,おせん,N3,n,"""pollution"""
お互い,おたがい,N3,n,"""each other"""
鬼,おに,N3,n,"""ogre"""
帯,おび,N3,n,"""obi (kimono sash)"""
お昼,おひる,N3,n,"""lunch"""
オフィス,オフィス,N3,n,"""office"""
思い出,おもいで,N3,n,"""memories"""
泳ぎ,およぎ,N3,n,"""swimming"""
音,おん,N3,n,"""sound"""
恩,おん,N3,n,"""favour"""
温度,おんど,N3,n,"""temperature"""
可,か,N3,n,"""acceptable"""
蚊,か,N3,n,"""mosquito"""
課,か,N3,n,"""lesson"""
カー,カー,N3,n,"""car"""
カード,カード,N3,n,"""card (information"
貝,かい,N3,n,"""shellfish"""
害,がい,N3,n,"""injury"""
会員,かいいん,N3,n,"""member"""
絵画,かいが,N3,n,"""painting"""
海外,かいがい,N3,n,"""foreign"""
会計,かいけい,N3,n,"""accounting"""
解決,かいけつ,N3,n,"""settlement"""
会合,かいごう,N3,n,"""meeting"""
外交,がいこう,N3,n,"""diplomacy"""
開始,かいし,N3,n,"""start"""
解釈,かいしゃく,N3,n,"""interpretation"""
外出,がいしゅつ,N3,n,"""going out"""
改善,かいぜん,N3,n,"""betterment"""
回復,かいふく,N3,n,"""restoration"""
香り,かおり,N3,n,"""aroma"""
画家,がか,N3,n,"""painter"""
価格,かかく,N3,n,"""price"""
化学,かがく,N3,n,"""chemistry"""
係,かかり,N3,n,"""charge"""
家具,かぐ,N3,n,"""furniture"""
学,がく,N3,n,"""learning"""
額,がく,N3,n,"""(picture) frame"""
覚悟,かくご,N3,n,"""readiness"""
学者,がくしゃ,N3,n,"""scholar"""
学習,がくしゅう,N3,n,"""learning"""
拡大,かくだい,N3,n,"""expansion"""
確認,かくにん,N3,n,"""confirmation"""
学問,がくもん,N3,n,"""study"""
影,かげ,N3,n,"""shadow"""
陰,かげ,N3,n,"""shade"""
加減,かげん,N3,n,"""degree"""
過去,かこ,N3,n,"""the past"""
籠,かご,N3,n,"""basket (shopping"
火災,かさい,N3,n,"""conflagration"""
飾り,かざり,N3,n,"""decoration"""
貸し,かし,N3,n,"""loan"""
菓子,かし,N3,n,"""confectionery"""
家事,かじ,N3,n,"""housework"""
歌手,かしゅ,N3,n,"""singer"""
数,かず,N3,n,"""number"""
型,かた,N3,n,"""type"""
肩,かた,N3,n,"""shoulder"""
方々,かたがた,N3,n,"""people"""
刀,かたな,N3,n,"""sword (esp. Japanese single-edged)"""
勝ち,かち,N3,n,"""win"""
価値,かち,N3,n,"""value"""
活気,かっき,N3,n,"""energy"""
楽器,がっき,N3,n,"""musical instrument"""
学期,がっき,N3,n,"""school term"""
活動,かつどう,N3,n,"""activity (of a person"
活躍,かつやく,N3,n,"""activity (esp. energetic or successful)"""
活用,かつよう,N3,n,"""practical use"""
仮定,かてい,N3,n,"""assumption"""
過程,かてい,N3,n,"""process"""
課程,かてい,N3,n,"""course"""
金,かね,N3,n,"""money"""
鐘,かね,N3,n,"""bell (often a large hanging bell)"""
株,かぶ,N3,n,"""stock"""
我慢,がまん,N3,n,"""endurance"""
上,かみ,N3,n,"""upper reaches (of a river)"""
神,かみ,N3,n,"""god"""
雷,かみなり,N3,n,"""lightning"""
科目,かもく,N3,n,"""(school) subject"""
歌謡,かよう,N3,n,"""song"""
空,から,N3,n,"""emptiness"""
殻,から,N3,n,"""shell"""
柄,がら,N3,n,"""pattern"""
河,かわ,N3,n,"""river"""
皮,かわ,N3,n,"""skin"""
革,かわ,N3,n,"""leather"""
缶,かん,N3,n,"""can"""
勘,かん,N3,n,"""perception"""
考え,かんがえ,N3,n,"""thinking"""
感覚,かんかく,N3,n,"""sense"""
間隔,かんかく,N3,n,"""space"""
観客,かんきゃく,N3,n,"""spectator"""
環境,かんきょう,N3,n,"""environment"""
歓迎,かんげい,N3,n,"""welcome"""
観光,かんこう,N3,n,"""sightseeing"""
観察,かんさつ,N3,n,"""observation"""
感じ,かんじ,N3,n,"""feeling"""
感謝,かんしゃ,N3,n,"""thanks"""
患者,かんじゃ,N3,n,"""patient"""
勘定,かんじょう,N3,n,"""calculation"""
感情,かんじょう,N3,n,"""emotion"""
感心,かんしん,N3,n,"""admiration"""
関心,かんしん,N3,n,"""concern"""
完成,かんせい,N3,n,"""completion"""
乾燥,かんそう,N3,n,"""dryness"""
感想,かんそう,N3,n,"""impressions"""
感動,かんどう,N3,n,"""being deeply moved emotionally"""
監督,かんとく,N3,n,"""supervision"""
管理,かんり,N3,n,"""control"""
完了,かんりょう,N3,n,"""completion"""
関連,かんれん,N3,n,"""relation"""
議員,ぎいん,N3,n,"""member of an assembly"""
記憶,きおく,N3,n,"""memory"""
気温,きおん,N3,n,"""(air) temperature"""
機械,きかい,N3,n,"""machine"""
器械,きかい,N3,n,"""machine"""
議会,ぎかい,N3,n,"""congress"""
期間,きかん,N3,n,"""period"""
機関,きかん,N3,n,"""engine"""
企業,きぎょう,N3,n,"""enterprise"""
期限,きげん,N3,n,"""term"""
機嫌,きげん,N3,n,"""humour"""
気候,きこう,N3,n,"""climate"""
岸,きし,N3,n,"""bank"""
生地,きじ,N3,n,"""cloth"""
記事,きじ,N3,n,"""article"""
技師,ぎし,N3,n,"""engineer"""
記者,きしゃ,N3,n,"""reporter"""
傷,きず,N3,n,"""wound"""
期待,きたい,N3,n,"""expectation"""
気体,きたい,N3,n,"""gas"""
帰宅,きたく,N3,n,"""returning home"""
議長,ぎちょう,N3,n,"""chair"""
記入,きにゅう,N3,n,"""entry (in a form"
記念,きねん,N3,n,"""commemoration"""
機能,きのう,N3,n,"""function"""
寄付,きふ,N3,n,"""contribution"""
希望,きぼう,N3,n,"""hope"""
基本,きほん,N3,n,"""basics"""
決まり,きまり,N3,n,"""rule"""
気味,きみ,N3,n,"""sensation"""
義務,ぎむ,N3,n,"""duty"""
疑問,ぎもん,N3,n,"""doubt"""
キャプテン,キャプテン,N3,n,"""captain"""
キャンプ,キャンプ,N3,n,"""camp"""
級,きゅう,N3,n,"""(school) grade"""
球,きゅう,N3,n,"""sphere"""
休暇,きゅうか,N3,n,"""holiday"""
休憩,きゅうけい,N3,n,"""rest"""
吸収,きゅうしゅう,N3,n,"""absorption"""
救助,きゅうじょ,N3,n,"""relief"""
休息,きゅうそく,N3,n,"""rest"""
給料,きゅうりょう,N3,n,"""salary"""
教科書,きょうかしょ,N3,n,"""textbook"""
競技,きょうぎ,N3,n,"""game"""
行儀,ぎょうぎ,N3,n,"""manners"""
供給,きょうきゅう,N3,n,"""supply"""
教授,きょうじゅ,N3,n,"""professor"""
強調,きょうちょう,N3,n,"""emphasis"""
共同,きょうどう,N3,n,"""cooperation"""
恐怖,きょうふ,N3,n,"""fear"""
協力,きょうりょく,N3,n,"""cooperation"""
許可,きょか,N3,n,"""permission"""
局,きょく,N3,n,"""bureau"""
霧,きり,N3,n,"""fog"""
切れ,きれ,N3,n,"""piece"""
記録,きろく,N3,n,"""record"""
議論,ぎろん,N3,n,"""argument"""
金,きん,N3,n,"""gold (metal)"""
銀,ぎん,N3,n,"""silver (Ag)"""
禁煙,きんえん,N3,n,"""abstaining from smoking"""
金額,きんがく,N3,n,"""amount of money"""
金庫,きんこ,N3,n,"""safe"""
禁止,きんし,N3,n,"""prohibition"""
金銭,きんせん,N3,n,"""money"""
金属,きんぞく,N3,n,"""metal"""
近代,きんだい,N3,n,"""present day"""
緊張,きんちょう,N3,n,"""tension"""
筋肉,きんにく,N3,n,"""muscle"""
金融,きんゆう,N3,n,"""finance"""
句,く,N3,n,"""section (i.e. of text)"""
偶然,ぐうぜん,N3,n,"""coincidence"""
鎖,くさり,N3,n,"""chain"""
癖,くせ,N3,n,"""habit (usu. a bad one)"""
管,くだ,N3,n,"""pipe"""
具体,ぐたい,N3,n,"""concreteness"""
下り,くだり,N3,n,"""down-train"""
苦痛,くつう,N3,n,"""pain"""
区別,くべつ,N3,n,"""distinction"""
組,くみ,N3,n,"""class (of students)"""
組合,くみあい,N3,n,"""association"""
位,くらい,N3,n,"""throne"""
暮らし,くらし,N3,n,"""(way of) life"""
クラシック,クラシック,N3,n,"""classical music"""
グラス,グラス,N3,n,"""glass (drinking vessel)"""
グランド,グランド,N3,n,"""(sports) ground"""
クリーム,クリーム,N3,n,"""cream"""
クリスマス,クリスマス,N3,n,"""Christmas"""
グループ,グループ,N3,n,"""group (usu. of people)"""
暮れ,くれ,N3,n,"""sunset"""
苦労,くろう,N3,n,"""trouble"""
訓,くん,N3,n,"""native Japanese reading of a Chinese character"""
軍,ぐん,N3,n,"""army"""
郡,ぐん,N3,n,"""district"""
軍隊,ぐんたい,N3,n,"""armed forces"""
訓練,くんれん,N3,n,"""training"""
下,げ,N3,n,"""lowness (of degree"
計,けい,N3,n,"""plan"""
敬意,けいい,N3,n,"""respect"""
経営,けいえい,N3,n,"""management"""
景気,けいき,N3,n,"""business conditions"""
傾向,けいこう,N3,n,"""tendency"""
警告,けいこく,N3,n,"""warning"""
計算,けいさん,N3,n,"""calculation"""
掲示,けいじ,N3,n,"""notice"""
刑事,けいじ,N3,n,"""(police) detective"""
芸術,げいじゅつ,N3,n,"""art"""
契約,けいやく,N3,n,"""contract"""
経由,けいゆ,N3,n,"""going through"""
ケース,ケース,N3,n,"""case (container)"""
ゲーム,ゲーム,N3,n,"""game"""
劇,げき,N3,n,"""drama"""
劇場,げきじょう,N3,n,"""theatre"""
化粧,けしょう,N3,n,"""make-up"""
血液,けつえき,N3,n,"""blood"""
結果,けっか,N3,n,"""result"""
欠陥,けっかん,N3,n,"""defect"""
決心,けっしん,N3,n,"""determination"""
欠席,けっせき,N3,n,"""absence"""
決定,けってい,N3,n,"""decision"""
欠点,けってん,N3,n,"""fault"""
結論,けつろん,N3,n,"""conclusion (of an argument"
煙,けむり,N3,n,"""smoke"""
券,けん,N3,n,"""ticket"""
県,けん,N3,n,"""prefecture (of Japan)"""
見解,けんかい,N3,n,"""opinion"""
限界,げんかい,N3,n,"""limit"""
現金,げんきん,N3,n,"""cash"""
言語,げんご,N3,n,"""language"""
健康,けんこう,N3,n,"""health"""
検査,けんさ,N3,n,"""inspection (e.g. customs"
現在,げんざい,N3,n,"""the present"""
現実,げんじつ,N3,n,"""reality"""
現象,げんしょう,N3,n,"""phenomenon"""
現状,げんじょう,N3,n,"""present condition"""
建設,けんせつ,N3,n,"""construction"""
現代,げんだい,N3,n,"""present age"""
建築,けんちく,N3,n,"""construction"""
見当,けんとう,N3,n,"""estimate"""
検討,けんとう,N3,n,"""consideration"""
現場,げんば,N3,n,"""actual spot"""
憲法,けんぽう,N3,n,"""constitution"""
権利,けんり,N3,n,"""right"""
後,ご,N3,n,"""after"""
碁,ご,N3,n,"""go (board game)"""
恋,こい,N3,n,"""(romantic) love"""
恋人,こいびと,N3,n,"""lover"""
幸運,こううん,N3,n,"""good luck"""
講演,こうえん,N3,n,"""lecture"""
効果,こうか,N3,n,"""effect"""
硬貨,こうか,N3,n,"""coin"""
合格,ごうかく,N3,n,"""passing (an exam)"""
交換,こうかん,N3,n,"""exchange"""
航空,こうくう,N3,n,"""aviation"""
光景,こうけい,N3,n,"""scene"""
合計,ごうけい,N3,n,"""sum total"""
攻撃,こうげき,N3,n,"""attack"""
貢献,こうけん,N3,n,"""contribution (furthering a goal or cause)"""
広告,こうこく,N3,n,"""advertisement"""
交際,こうさい,N3,n,"""company"""
校舎,こうしゃ,N3,n,"""school building"""
後者,こうしゃ,N3,n,"""the latter"""
工場,こうば,N3,n,"""factory"""
公正,こうせい,N3,n,"""justice"""
構成,こうせい,N3,n,"""composition"""
行動,こうどう,N3,n,"""action"""
強盗,ごうとう,N3,n,"""robber"""
後輩,こうはい,N3,n,"""junior (at work"
幸福,こうふく,N3,n,"""happiness"""
公平,こうへい,N3,n,"""fairness"""
候補,こうほ,N3,n,"""candidate"""
考慮,こうりょ,N3,n,"""consideration"""
コーチ,コーチ,N3,n,"""coach"""
コード,コード,N3,n,"""code"""
氷,こおり,N3,n,"""ice"""
ゴール,ゴール,N3,n,"""goal (in soccer"
誤解,ごかい,N3,n,"""misunderstanding"""
語学,ごがく,N3,n,"""study of foreign languages"""
呼吸,こきゅう,N3,n,"""breathing"""
故郷,こきょう,N3,n,"""hometown"""
国語,こくご,N3,n,"""national language"""
国籍,こくせき,N3,n,"""nationality"""
黒板,こくばん,N3,n,"""blackboard"""
克服,こくふく,N3,n,"""conquest (of a difficulty"
国民,こくみん,N3,n,"""people (of a country)"""
穀物,こくもつ,N3,n,"""grain"""
腰,こし,N3,n,"""lower back"""
胡椒,こしょう,N3,n,"""pepper"""
個人,こじん,N3,n,"""individual"""
国家,こっか,N3,n,"""state"""
国会,こっかい,N3,n,"""National Diet"""
国境,こっきょう,N3,n,"""border (between countries)"""
骨折,こっせつ,N3,n,"""bone fracture"""
小包,こづつみ,N3,n,"""parcel"""
琴,こと,N3,n,"""koto (13-stringed Japanese zither)"""
諺,ことわざ,N3,n,"""proverb"""
粉,こな,N3,n,"""flour"""
好み,このみ,N3,n,"""liking"""
塵,ごみ,N3,n,"""rubbish"""
小麦,こむぎ,N3,n,"""wheat"""
小屋,こや,N3,n,"""hut"""
今回,こんかい,N3,n,"""this time"""
今後,こんご,N3,n,"""from now on"""
混雑,こんざつ,N3,n,"""congestion"""
困難,こんなん,N3,n,"""difficulty"""
今日,こんにち,N3,n,"""today"""
婚約,こんやく,N3,n,"""engagement"""
混乱,こんらん,N3,n,"""disorder"""
差,さ,N3,n,"""difference"""
サービス,サービス,N3,n,"""service"""
際,さい,N3,n,"""occasion"""
財産,ざいさん,N3,n,"""property"""
最中,さいちゅう,N3,n,"""(in) the middle of"""
才能,さいのう,N3,n,"""talent"""
裁判,さいばん,N3,n,"""trial"""
材料,ざいりょう,N3,n,"""materials"""
サイン,サイン,N3,n,"""autograph"""
境,さかい,N3,n,"""border"""
盛り,さかり,N3,n,"""height (e.g. of summer)"""
作業,さぎょう,N3,n,"""work"""
作品,さくひん,N3,n,"""work (e.g. book"
作物,さくもつ,N3,n,"""crop"""
桜,さくら,N3,n,"""cherry tree"""
酒,さけ,N3,n,"""alcohol"""
座席,ざせき,N3,n,"""seat"""
札,さつ,N3,n,"""banknote"""
作家,さっか,N3,n,"""author"""
作曲,さっきょく,N3,n,"""composition (of music)"""
砂漠,さばく,N3,n,"""desert"""
差別,さべつ,N3,n,"""distinction"""
ママ,ママ,N3,n,"""mom"""
豆,まめ,N3,n,"""legume (esp. edible legumes or their seeds"
丸,まる,N3,n,"""circle"""
円,まる,N3,n,"""circle"""
万一,まんいち,N3,n,"""(unlikely event of) emergency"""
満足,まんぞく,N3,n,"""satisfaction"""
身,み,N3,n,"""one's body"""
実,み,N3,n,"""fruit"""
見送り,みおくり,N3,n,"""seeing (someone) off"""
味方,みかた,N3,n,"""friend"""
ミス,ミス,N3,n,"""mistake"""
見舞い,みまい,N3,n,"""visit (to someone affected by illness or misfortune)"""
土産,みやげ,N3,n,"""local specialty or souvenir bought as a gift while travelling"""
都,みやこ,N3,n,"""capital (esp. Kyoto"
明後日,みょうごにち,N3,n,"""day after tomorrow"""
未来,みらい,N3,n,"""(distant) future"""
魅力,みりょく,N3,n,"""charm"""
ミルク,ミルク,N3,n,"""milk"""
無,む,N3,n,"""nothing"""
向かい,むかい,N3,n,"""facing"""
迎え,むかえ,N3,n,"""meeting"""
無視,むし,N3,n,"""disregarding"""
虫歯,むしば,N3,n,"""tooth decay"""
無駄,むだ,N3,n,"""futility"""
胸,むね,N3,n,"""chest"""
芽,め,N3,n,"""sprout"""
名刺,めいし,N3,n,"""business card"""
名詞,めいし,N3,n,"""noun"""
名人,めいじん,N3,n,"""master"""
命令,めいれい,N3,n,"""order"""
迷惑,めいわく,N3,n,"""trouble"""
目上,めうえ,N3,n,"""superior"""
飯,めし,N3,n,"""cooked rice"""
メモ,メモ,N3,n,"""note"""
面,めん,N3,n,"""face"""
綿,めん,N3,n,"""cotton"""
免許,めんきょ,N3,n,"""license"""
面接,めんせつ,N3,n,"""interview (e.g. for a job)"""
面倒,めんどう,N3,n,"""trouble"""
メンバー,メンバー,N3,n,"""member"""
申し訳,もうしわけ,N3,n,"""apology"""
毛布,もうふ,N3,n,"""blanket"""
目的,もくてき,N3,n,"""purpose"""
目標,もくひょう,N3,n,"""goal"""
文字,もじ,N3,n,"""letter (of an alphabet)"""
文字,もんじ,N3,n,"""letter (of an alphabet)"""
元,もと,N3,n,"""origin"""
基,もと,N3,n,"""origin"""
素,もと,N3,n,"""origin"""
者,もの,N3,n,"""person"""
物音,ものおと,N3,n,"""noise"""
物語,ものがたり,N3,n,"""story"""
物事,ものごと,N3,n,"""things"""
模様,もよう,N3,n,"""pattern"""
文句,もんく,N3,n,"""complaint"""
役,やく,N3,n,"""role"""
訳,やく,N3,n,"""translation"""
役割,やくわり,N3,n,"""part"""
家賃,やちん,N3,n,"""rent"""
宿,やど,N3,n,"""lodging"""
屋根,やね,N3,n,"""roof"""
勇気,ゆうき,N3,n,"""courage"""
友好,ゆうこう,N3,n,"""friendship"""
優勝,ゆうしょう,N3,n,"""overall victory"""
友情,ゆうじょう,N3,n,"""friendship"""
友人,ゆうじん,N3,n,"""friend"""
郵便,ゆうびん,N3,n,"""mail service"""
ユーモア,ユーモア,N3,n,"""humor"""
床,ゆか,N3,n,"""floor"""
夜,よ,N3,n,"""night"""
夜明け,よあけ,N3,n,"""dawn"""
容器,ようき,N3,n,"""container"""
要求,ようきゅう,N3,n,"""demand"""
用心,ようじん,N3,n,"""care"""
様子,ようす,N3,n,"""state (of affairs)"""
要素,ようそ,N3,n,"""component"""
要点,ようてん,N3,n,"""gist"""
曜日,ようび,N3,n,"""day of the week"""
予期,よき,N3,n,"""expectation"""
予算,よさん,N3,n,"""estimate (of costs)"""
予測,よそく,N3,n,"""prediction"""
ヨット,ヨット,N3,n,"""yacht (esp. a sailing boat with one mast)"""
夜中,よなか,N3,n,"""middle of the night"""
予報,よほう,N3,n,"""forecast"""
予防,よぼう,N3,n,"""prevention"""
読み,よみ,N3,n,"""reading"""
嫁,よめ,N3,n,"""bride"""
余裕,よゆう,N3,n,"""surplus"""
喜び,よろこび,N3,n,"""joy"""
四,よん,N3,num,"""four"""
ライター,ライター,N3,n,"""lighter"""
楽,らく,N3,n,"""comfort"""
ラケット,ラケット,N3,n,"""racket"""
利益,りえき,N3,n,"""profit"""
理解,りかい,N3,n,"""understanding"""
陸,りく,N3,n,"""land"""
離婚,りこん,N3,n,"""divorce"""
理想,りそう,N3,n,"""ideal"""
率,りつ,N3,n,"""rate"""
留学,りゅうがく,N3,n,"""studying abroad"""
流行,りゅうこう,N3,n,"""fashion"""
量,りょう,N3,n,"""quantity"""
寮,りょう,N3,n,"""hostel"""
両替,りょうがえ,N3,n,"""change"""
料金,りょうきん,N3,n,"""fee"""
例,れい,N3,n,"""example"""
礼,れい,N3,n,"""thanks"""
例外,れいがい,N3,n,"""exception"""
礼儀,れいぎ,N3,n,"""manners"""
冷静,れいせい,N3,n,"""calmness"""
列,れつ,N3,n,"""row"""
列車,れっしゃ,N3,n,"""train"""
レベル,レベル,N3,n,"""level"""
連想,れんそう,N3,n,"""association (of ideas)"""
連続,れんぞく,N3,n,"""continuation"""
老人,ろうじん,N3,n,"""old person"""
労働,ろうどう,N3,n,"""labor"""
ロケット,ロケット,N3,n,"""rocket"""
論争,ろんそう,N3,n,"""dispute"""
論文,ろんぶん,N3,n,"""thesis"""
輪,わ,N3,n,"""ring"""
ワイン,ワイン,N3,n,"""wine"""
別れ,わかれ,N3,n,"""parting"""
脇,わき,N3,n,"""armpit"""
綿,わた,N3,n,"""cotton plant (Gossypium spp.)"""
話題,わだい,N3,n,"""topic"""
笑い,わらい,N3,n,"""laugh"""
悪口,わるくち,N3,n,"""(verbal) abuse"""
湾,わん,N3,n,"""bay"""
椀,わん,N3,n,"""bowl (wooden)"""
碗,わん,N3,n,"""bowl (ceramic"
悪,あく,N3,n,"""evil"""
当り,あたり,N3,n,"""hit"""
アップ,アップ,N3,n,"""rise"""
アンケート,アンケート,N3,n,"""questionnaire"""
異,い,N3,n,"""difference (of opinion)"""
意,い,N3,n,"""feelings"""
医院,いいん,N3,n,"""doctor's office"""
怒り,いかり,N3,n,"""anger"""
意地,いじ,N3,n,"""stubbornness"""
一帯,いったい,N3,n,"""whole area"""
異動,いどう,N3,n,"""(personnel) change"""
衣料,いりょう,N3,n,"""clothing"""
渦,うず,N3,n,"""whirlpool"""
縁,えん,N3,n,"""fate"""
尾,お,N3,n,"""tail (of an animal)"""
遅れ,おくれ,N3,n,"""delay"""
教え,おしえ,N3,n,"""teaching"""
驚き,おどろき,N3,n,"""surprise"""
角,かく,N3,n,"""angle"""
核,かく,N3,n,"""stone (of a fruit)"""
格,かく,N3,n,"""status"""
学歴,がくれき,N3,n,"""academic background"""
課題,かだい,N3,n,"""subject"""
片付け,かたづけ,N3,n,"""tidying up"""
加味,かみ,N3,n,"""seasoning"""
借り,かり,N3,n,"""borrowing"""
狩り,かり,N3,n,"""hunting"""
管,かん,N3,n,"""pipe"""
癌,がん,N3,n,"""cancer"""
刊行,かんこう,N3,n,"""publication"""
慣行,かんこう,N3,n,"""customary practice"""
歓声,かんせい,N3,n,"""cheer"""
官僚,かんりょう,N3,n,"""bureaucrat"""
器官,きかん,N3,n,"""organ"""
季刊,きかん,N3,n,"""quarterly publication"""
起源,きげん,N3,n,"""origin"""
機構,きこう,N3,n,"""mechanism"""
規制,きせい,N3,n,"""regulation"""
丘陵,きゅうりょう,N3,n,"""hill"""
協議,きょうぎ,N3,n,"""conference"""
享受,きょうじゅ,N3,n,"""enjoyment (of freedom"
協調,きょうちょう,N3,n,"""cooperation"""
切り,きり,N3,n,"""end"""
菌,きん,N3,n,"""fungus"""
近視,きんし,N3,n,"""myopia"""
苦,く,N3,n,"""pain"""
群,ぐん,N3,n,"""group"""
刑,けい,N3,n,"""penalty"""
経緯,けいい,N3,n,"""details"""
計器,けいき,N3,n,"""meter"""
契機,けいき,N3,n,"""opportunity"""
携帯,けいたい,N3,n,"""carrying (on one's person or in the hand)"""
形態,けいたい,N3,n,"""form"""
血管,けっかん,N3,n,"""blood vessel"""
決行,けっこう,N3,n,"""doing (with resolve)"""
件,けん,N3,n,"""matter"""
減少,げんしょう,N3,n,"""decrease"""
公演,こうえん,N3,n,"""public performance"""
後悔,こうかい,N3,n,"""regret"""
航海,こうかい,N3,n,"""(sea) voyage"""
拘束,こうそく,N3,n,"""restriction"""
荒廃,こうはい,N3,n,"""ruin"""
降伏,こうふく,N3,n,"""surrender"""
興奮,こうふん,N3,n,"""excitement"""
語句,ごく,N3,n,"""words and phrases"""
個々,ここ,N3,n,"""individual"""
故人,こじん,N3,n,"""the deceased"""
小銭,こぜに,N3,n,"""small change"""
コンテスト,コンテスト,N3,n,"""contest"""
採集,さいしゅう,N3,n,"""collecting"""
作,さく,N3,n,"""work (e.g. of art)"""
策,さく,N3,n,"""plan"""
設備,せつび,N3,n,"""equipment"""
絶滅,ぜつめつ,N3,n,"""extinction"""
節約,せつやく,N3,n,"""economising"""
善,ぜん,N3,n,"""good"""
全員,ぜんいん,N3,n,"""all members"""
専攻,せんこう,N3,n,"""major subject"""
全国,ぜんこく,N3,n,"""the whole country"""
洗剤,せんざい,N3,n,"""detergent"""
先日,せんじつ,N3,n,"""the other day"""
前者,ぜんしゃ,N3,n,"""the former"""
選手,せんしゅ,N3,n,"""player (of a sport)"""
全身,ぜんしん,N3,n,"""whole (body)"""
前進,ぜんしん,N3,n,"""advance"""
センター,センター,N3,n,"""centre"""
全体,ぜんたい,N3,n,"""whole"""
選択,せんたく,N3,n,"""choice"""
宣伝,せんでん,N3,n,"""publicity"""
象,ぞう,N3,n,"""elephant (Elephantidae spp.)"""
騒音,そうおん,N3,n,"""noise"""
増加,ぞうか,N3,n,"""increase"""
操作,そうさ,N3,n,"""operation"""
想像,そうぞう,N3,n,"""imagination"""
相続,そうぞく,N3,n,"""succession"""
装置,そうち,N3,n,"""equipment"""
相当,そうとう,N3,n,"""corresponding to (in meaning"
速度,そくど,N3,n,"""speed"""
底,そこ,N3,n,"""bottom"""
組織,そしき,N3,n,"""organization"""
袖,そで,N3,n,"""sleeve"""
蕎麦,そば,N3,n,"""buckwheat (Fagopyrum esculentum)"""
ソファー,ソファー,N3,n,"""sofa"""
損,そん,N3,n,"""loss"""
損害,そんがい,N3,n,"""damage"""
尊敬,そんけい,N3,n,"""respect"""
存在,そんざい,N3,n,"""existence"""
尊重,そんちょう,N3,n,"""respect"""
田,た,N3,n,"""rice field"""
対,たい,N3,n,"""versus"""
題,だい,N3,n,"""title"""
体育,たいいく,N3,n,"""physical education"""
体温,たいおん,N3,n,"""body temperature"""
大会,たいかい,N3,n,"""mass meeting"""
大気,たいき,N3,n,"""atmosphere"""
代金,だいきん,N3,n,"""price"""
滞在,たいざい,N3,n,"""stay"""
大使,たいし,N3,n,"""ambassador"""
体重,たいじゅう,N3,n,"""(body) weight"""
対象,たいしょう,N3,n,"""target"""
対照,たいしょう,N3,n,"""contrast"""
大臣,だいじん,N3,n,"""cabinet minister"""
大戦,たいせん,N3,n,"""great war"""
態度,たいど,N3,n,"""attitude"""
大統領,だいとうりょう,N3,n,"""president (of a country)"""
大半,たいはん,N3,n,"""majority"""
代表,だいひょう,N3,n,"""representation"""
大部分,だいぶぶん,N3,n,"""most part"""
タイプライター,タイプライター,N3,n,"""typewriter"""
逮捕,たいほ,N3,n,"""arrest"""
題名,だいめい,N3,n,"""title"""
ダイヤ,ダイヤ,N3,n,"""diamond"""
太陽,たいよう,N3,n,"""Sun"""
代理,だいり,N3,n,"""representation"""
大陸,たいりく,N3,n,"""continent"""
タオル,タオル,N3,n,"""towel"""
互い,たがい,N3,n,"""each other"""
宝,たから,N3,n,"""treasure"""
宅,たく,N3,n,"""house"""
戦い,たたかい,N3,n,"""battle"""
立場,たちば,N3,n,"""position"""
谷,たに,N3,n,"""valley"""
他人,たにん,N3,n,"""another person"""
種,たね,N3,n,"""seed (e.g. of a plant)"""
束,たば,N3,n,"""bundle"""
足袋,たび,N3,n,"""tabi"""
度,たび,N3,n,"""time (three times"
旅,たび,N3,n,"""travel"""
玉,たま,N3,n,"""ball"""
球,たま,N3,n,"""ball"""
弾,たま,N3,n,"""ball"""
試し,ためし,N3,n,"""trial"""
便り,たより,N3,n,"""news"""
段,だん,N3,n,"""step"""
単位,たんい,N3,n,"""unit"""
単語,たんご,N3,n,"""word"""
男子,だんし,N3,n,"""boy"""
誕生,たんじょう,N3,n,"""birth (of a person)"""
ダンス,ダンス,N3,n,"""dance"""
団体,だんたい,N3,n,"""group"""
担当,たんとう,N3,n,"""being in charge (of an area of responsibility)"""
地,ち,N3,n,"""earth"""
地位,ちい,N3,n,"""(social) position"""
地域,ちいき,N3,n,"""area"""
チーズ,チーズ,N3,n,"""cheese"""
チーム,チーム,N3,n,"""team"""
知恵,ちえ,N3,n,"""wisdom"""
地下,ちか,N3,n,"""underground"""
違い,ちがい,N3,n,"""difference"""
地球,ちきゅう,N3,n,"""Earth"""
地区,ちく,N3,n,"""district"""
遅刻,ちこく,N3,n,"""lateness"""
知事,ちじ,N3,n,"""prefectural governor"""
知識,ちしき,N3,n,"""knowledge"""
父親,ちちおや,N3,n,"""father"""
知能,ちのう,N3,n,"""intelligence"""
地平線,ちへいせん,N3,n,"""horizon (related to land)"""
地方,ちほう,N3,n,"""district"""
茶,ちゃ,N3,n,"""tea"""
チャンス,チャンス,N3,n,"""chance"""
中,ちゅう,N3,n,"""medium (size)"""
注,ちゅう,N3,n,"""annotation"""
中央,ちゅうおう,N3,n,"""centre"""
中学,ちゅうがく,N3,n,"""junior high school"""
中止,ちゅうし,N3,n,"""interruption"""
駐車,ちゅうしゃ,N3,n,"""parking (a vehicle)"""
昼食,ちゅうしょく,N3,n,"""lunch"""
中心,ちゅうしん,N3,n,"""center"""
注目,ちゅうもく,N3,n,"""notice"""
注文,ちゅうもん,N3,n,"""order (for an item)"""
調査,ちょうさ,N3,n,"""investigation"""
調子,ちょうし,N3,n,"""tune"""
頂上,ちょうじょう,N3,n,"""top"""
貯金,ちょきん,N3,n,"""putting money aside"""
著者,ちょしゃ,N3,n,"""author (usu. of a particular book)"""
通過,つうか,N3,n,"""passing through (a tunnel"
通貨,つうか,N3,n,"""currency"""
通学,つうがく,N3,n,"""commuting to school"""
通勤,つうきん,N3,n,"""commuting to work"""
通行,つうこう,N3,n,"""passage (of people or vehicles)"""
通信,つうしん,N3,n,"""correspondence"""
通訳,つうやく,N3,n,"""interpretation (i.e. oral translation)"""
疲れ,つかれ,N3,n,"""tiredness"""
付き合い,つきあい,N3,n,"""association"""
土,つち,N3,n,"""earth"""
続き,つづき,N3,n,"""continuation"""
包み,つつみ,N3,n,"""bundle"""
勤め,つとめ,N3,n,"""service"""
務め,つとめ,N3,n,"""service"""
翼,つばさ,N3,n,"""wing"""
罪,つみ,N3,n,"""crime"""
梅雨,つゆ,N3,n,"""(East Asian) rainy season (in Japan"
釣,つり,N3,n,"""fishing"""
連れ,つれ,N3,n,"""companion"""
出,で,N3,n,"""coming out"""
出会い,であい,N3,n,"""meeting"""
出合い,であい,N3,n,"""meeting"""
提案,ていあん,N3,n,"""proposal"""
定期,ていき,N3,n,"""fixed period"""
抵抗,ていこう,N3,n,"""resistance"""
提出,ていしゅつ,N3,n,"""presentation (of documents)"""
停電,ていでん,N3,n,"""power outage"""
程度,ていど,N3,n,"""degree"""
停留所,ていりゅうじょ,N3,n,"""stop (bus"
デート,デート,N3,n,"""date (with someone)"""
敵,てき,N3,n,"""opponent"""
出来事,できごと,N3,n,"""occurrence"""
適用,てきよう,N3,n,"""application (of a rule"
手品,てじな,N3,n,"""magic (illusion)"""
鉄,てつ,N3,n,"""iron (Fe)"""
哲学,てつがく,N3,n,"""philosophy"""
手伝い,てつだい,N3,n,"""helper"""
徹底,てってい,N3,n,"""thoroughness"""
鉄道,てつどう,N3,n,"""railroad"""
徹夜,てつや,N3,n,"""staying up all night"""
手間,てま,N3,n,"""time"""
デモ,デモ,N3,n,"""demonstration"""
典型,てんけい,N3,n,"""type"""
天候,てんこう,N3,n,"""weather"""
電子,でんし,N3,n,"""electron"""
テント,テント,N3,n,"""tent"""
伝統,でんとう,N3,n,"""tradition"""
天然,てんねん,N3,n,"""nature"""
問い,とい,N3,n,"""question"""
党,とう,N3,n,"""party (political)"""
塔,とう,N3,n,"""tower"""
答案,とうあん,N3,n,"""examination paper"""
銅貨,どうか,N3,n,"""copper coin"""
当時,とうじ,N3,n,"""at that time"""
動詞,どうし,N3,n,"""verb"""
同時,どうじ,N3,n,"""same time"""
到着,とうちゃく,N3,n,"""arrival"""
道徳,どうとく,N3,n,"""morals"""
投票,とうひょう,N3,n,"""voting"""
東洋,とうよう,N3,n,"""the East"""
童謡,どうよう,N3,n,"""children's song"""
同僚,どうりょう,N3,n,"""coworker"""
道路,どうろ,N3,n,"""road"""
都会,とかい,N3,n,"""city"""
毒,どく,N3,n,"""poison"""
得意,とくい,N3,n,"""satisfaction"""
読書,どくしょ,N3,n,"""reading (books)"""
特徴,とくちょう,N3,n,"""feature"""
特長,とくちょう,N3,n,"""strong point"""
独特,どくとく,N3,n,"""peculiarity"""
独立,どくりつ,N3,n,"""independence"""
登山,とざん,N3,n,"""mountain climbing"""
都市,とし,N3,n,"""town"""
年月,としつき,N3,n,"""months and years"""
図書,としょ,N3,n,"""books"""
年寄,としより,N3,n,"""old person"""
途端,とたん,N3,n,"""just (now"
土地,とち,N3,n,"""plot of land"""
トップ,トップ,N3,n,"""top"""
友,とも,N3,n,"""friend"""
虎,とら,N3,n,"""tiger (Panthera tigris)"""
ドライブ,ドライブ,N3,n,"""drive"""
トラック,トラック,N3,n,"""truck"""
ドラマ,ドラマ,N3,n,"""(non-documentary) television series"""
トランプ,トランプ,N3,n,"""(Western) playing cards"""
努力,どりょく,N3,n,"""effort"""
トレーニング,トレーニング,N3,n,"""training (for a skill"
ドレス,ドレス,N3,n,"""dress"""
泥,どろ,N3,n,"""mud"""
トン,トン,N3,n,"""dot (in Morse code)"""
トンネル,トンネル,N3,n,"""tunnel"""
名,な,N3,n,"""name"""
内容,ないよう,N3,n,"""contents"""
仲,なか,N3,n,"""relation"""
半ば,なかば,N3,n,"""middle"""
仲間,なかま,N3,n,"""companion"""
中身,なかみ,N3,n,"""contents"""
中味,なかみ,N3,n,"""contents"""
眺め,ながめ,N3,n,"""scene"""
流れ,ながれ,N3,n,"""flow (of a fluid or gas)"""
無し,なし,N3,n,"""without"""
謎,なぞ,N3,n,"""riddle"""
納得,なっとく,N3,n,"""consent"""
鍋,なべ,N3,n,"""pan"""
波,なみ,N3,n,"""wave"""
涙,なみだ,N3,n,"""tear"""
縄,なわ,N3,n,"""rope"""
日,にち,N3,n,"""Sunday"""
日光,にっこう,N3,n,"""sunlight"""
日中,にっちゅう,N3,n,"""daytime"""
日本,にっぽん,N3,n,"""Japan"""
日本,にほん,N3,n,"""Japan"""
入場,にゅうじょう,N3,n,"""entrance"""
人気,にんき,N3,n,"""popularity"""
人間,にんげん,N3,n,"""human being"""
布,ぬの,N3,n,"""cloth"""
根,ね,N3,n,"""root (of a plant)"""
値,ね,N3,n,"""price"""
願い,ねがい,N3,n,"""desire"""
鼠,ねずみ,N3,n,"""mouse"""
熱帯,ねったい,N3,n,"""tropics"""
熱中,ねっちゅう,N3,n,"""being enthusiastic about"""
年間,ねんかん,N3,n,"""(period of) a year"""
年月,ねんげつ,N3,n,"""months and years"""
年中,ねんじゅう,N3,n,"""whole year"""
年代,ねんだい,N3,n,"""age"""
年齢,ねんれい,N3,n,"""age"""
野,の,N3,n,"""plain"""
能,のう,N3,n,"""talent"""
農家,のうか,N3,n,"""farmer"""
農業,のうぎょう,N3,n,"""agriculture"""
農民,のうみん,N3,n,"""farmer"""
能力,のうりょく,N3,n,"""ability"""
軒,のき,N3,n,"""eaves"""
残り,のこり,N3,n,"""remainder"""
望み,のぞみ,N3,n,"""wish"""
後,のち,N3,n,"""later"""
ノック,ノック,N3,n,"""knock"""
場,ば,N3,n,"""place"""
パーセント,パーセント,N3,n,"""percent"""
灰,はい,N3,n,"""ash"""
梅雨,ばいう,N3,n,"""(East Asian) rainy season (in Japan"
バイオリン,バイオリン,N3,n,"""violin"""
ハイキング,ハイキング,N3,n,"""hiking"""
配達,はいたつ,N3,n,"""delivery"""
パイプ,パイプ,N3,n,"""pipe"""
俳優,はいゆう,N3,n,"""actor"""
パイロット,パイロット,N3,n,"""pilot"""
墓,はか,N3,n,"""grave"""
馬鹿,ばか,N3,n,"""idiot"""
博士,はかせ,N3,n,"""expert"""
拍手,はくしゅ,N3,n,"""clapping hands"""
爆発,ばくはつ,N3,n,"""explosion"""
博物館,はくぶつかん,N3,n,"""museum"""
破産,はさん,N3,n,"""bankruptcy"""
端,はし,N3,n,"""end (e.g. of street)"""
始まり,はじまり,N3,n,"""origin"""
パス,パス,N3,n,"""passing (an examination"
パスポート,パスポート,N3,n,"""passport"""
旗,はた,N3,n,"""flag"""
肌,はだ,N3,n,"""skin"""
裸,はだか,N3,n,"""nakedness"""
畑,はたけ,N3,n,"""field (for growing wheat"
働き,はたらき,N3,n,"""work"""
バッグ,バッグ,N3,n,"""bag"""
発見,はっけん,N3,n,"""discovery"""
発行,はっこう,N3,n,"""publication (of a newspaper"
発車,はっしゃ,N3,n,"""departure (of a train"
発射,はっしゃ,N3,n,"""firing (esp. a rocket or missile)"""
発達,はったつ,N3,n,"""development"""
発展,はってん,N3,n,"""development"""
発表,はっぴょう,N3,n,"""announcement"""
発明,はつめい,N3,n,"""invention"""
羽,はね,N3,n,"""feather"""
羽根,はね,N3,n,"""feather"""
幅,はば,N3,n,"""width"""
母親,ははおや,N3,n,"""mother"""
場面,ばめん,N3,n,"""scene"""
腹,はら,N3,n,"""abdomen"""
原,はら,N3,n,"""field"""
バランス,バランス,N3,n,"""balance"""
針,はり,N3,n,"""needle"""
範囲,はんい,N3,n,"""extent"""
反抗,はんこう,N3,n,"""opposition"""
犯罪,はんざい,N3,n,"""crime"""
反省,はんせい,N3,n,"""reflection"""
判断,はんだん,N3,n,"""judgment"""
犯人,はんにん,N3,n,"""offender"""
販売,はんばい,N3,n,"""sale"""
灯,ひ,N3,n,"""light"""
ビール,ビール,N3,n,"""beer"""
被害,ひがい,N3,n,"""(suffering) damage"""
比較,ひかく,N3,n,"""comparison"""
ピクニック,ピクニック,N3,n,"""picnic"""
悲劇,ひげき,N3,n,"""tragedy"""
飛行,ひこう,N3,n,"""flight"""
膝,ひざ,N3,n,"""knee"""
非常,ひじょう,N3,n,"""emergency"""
美人,びじん,N3,n,"""beautiful woman"""
額,ひたい,N3,n,"""forehead"""
日付,ひづけ,N3,n,"""date"""
引越し,ひっこし,N3,n,"""moving (dwelling"
否定,ひてい,N3,n,"""denial"""
ビデオ,ビデオ,N3,n,"""video (esp. a televised image)"""
一言,ひとこと,N3,n,"""single word"""
人込み,ひとごみ,N3,n,"""crowd of people"""
独り,ひとり,N3,n,"""one person"""
批判,ひはん,N3,n,"""criticism"""
批評,ひひょう,N3,n,"""criticism"""
秘密,ひみつ,N3,n,"""secret"""
紐,ひも,N3,n,"""string"""
費用,ひよう,N3,n,"""cost"""
表,ひょう,N3,n,"""table"""
秒,びょう,N3,n,"""second (unit of time)"""
評価,ひょうか,N3,n,"""valuation"""
表現,ひょうげん,N3,n,"""expression"""
表情,ひょうじょう,N3,n,"""facial expression"""
平等,びょうどう,N3,n,"""equality"""
評判,ひょうばん,N3,n,"""reputation"""
表面,ひょうめん,N3,n,"""surface"""
品,ひん,N3,n,"""elegance"""
瓶,びん,N3,n,"""bottle"""
便,びん,N3,n,"""flight (e.g. airline flight)"""
ピン,ピン,N3,n,"""pin (e.g. hairpin"
分,ぶ,N3,num,"""one-tenth"""
不安,ふあん,N3,n,"""anxiety"""
風景,ふうけい,N3,n,"""scenery"""
夫婦,ふうふ,N3,n,"""married couple"""
笛,ふえ,N3,n,"""flute"""
武器,ぶき,N3,n,"""weapon"""
服装,ふくそう,N3,n,"""attire"""
袋,ふくろ,N3,n,"""bag"""
不幸,ふこう,N3,n,"""unhappiness"""
節,ふし,N3,n,"""joint"""
無事,ぶじ,N3,n,"""safety"""
不自由,ふじゆう,N3,n,"""discomfort"""
夫人,ふじん,N3,n,"""wife"""
婦人,ふじん,N3,n,"""woman"""
不正,ふせい,N3,n,"""injustice"""
不足,ふそく,N3,n,"""insufficiency"""
舞台,ぶたい,N3,n,"""stage (of a theatre"
双子,ふたご,N3,n,"""twins"""
縁,ふち,N3,n,"""rim"""
不通,ふつう,N3,n,"""suspension"""
物価,ぶっか,N3,n,"""prices of commodities"""
物質,ぶっしつ,N3,n,"""material"""
物理,ぶつり,N3,n,"""laws of nature"""
筆,ふで,N3,n,"""writing brush"""
部分,ぶぶん,N3,n,"""portion"""
不平,ふへい,N3,n,"""discontent"""
不満,ふまん,N3,n,"""dissatisfaction"""
プラス,プラス,N3,n,"""plus"""
プラスチック,プラスチック,N3,n,"""plastic"""
プラン,プラン,N3,n,"""plan"""
不利,ふり,N3,n,"""disadvantage"""
ブレーキ,ブレーキ,N3,n,"""brake"""
プロ,プロ,N3,n,"""professional"""
分,ぶん,N3,n,"""part"""
文,ぶん,N3,n,"""sentence"""
雰囲気,ふんいき,N3,n,"""atmosphere"""
分析,ぶんせき,N3,n,"""analysis"""
文明,ぶんめい,N3,n,"""civilization"""
分野,ぶんや,N3,n,"""field"""
塀,へい,N3,n,"""wall"""
平均,へいきん,N3,n,"""average"""
平和,へいわ,N3,n,"""peace"""
ベルト,ベルト,N3,n,"""belt (worn around the waist)"""
変化,へんか,N3,n,"""change"""
変更,へんこう,N3,n,"""change"""
ベンチ,ベンチ,N3,n,"""bench"""
弁当,べんとう,N3,n,"""bento"""
方,ほう,N3,n,"""direction"""
法,ほう,N3,n,"""law"""
棒,ぼう,N3,n,"""pole"""
冒険,ぼうけん,N3,n,"""adventure"""
方向,ほうこう,N3,n,"""direction"""
報告,ほうこく,N3,n,"""report"""
宝石,ほうせき,N3,n,"""gem"""
包装,ほうそう,N3,n,"""packing"""
方法,ほうほう,N3,n,"""method"""
訪問,ほうもん,N3,n,"""call"""
ボーイ,ボーイ,N3,n,"""boy"""
ボート,ボート,N3,n,"""boat"""
ホーム,ホーム,N3,n,"""platform"""
ボール,ボール,N3,n,"""ball"""
他,ほか,N3,n,"""another place"""
誇り,ほこり,N3,n,"""pride"""
埃,ほこり,N3,n,"""dust"""
保証,ほしょう,N3,n,"""guarantee"""
保存,ほぞん,N3,n,"""preservation"""
歩道,ほどう,N3,n,"""footpath"""
仏,ほとけ,N3,n,"""Buddha"""
骨,ほね,N3,n,"""bone"""
炎,ほのお,N3,n,"""flame"""
頬,ほほ,N3,n,"""cheek (of the face)"""
頬,ほお,N3,n,"""cheek (of the face)"""
堀,ほり,N3,n,"""moat"""
濠,ほり,N3,n,"""moat"""
本当,ほんと,N3,n,"""truth"""
本人,ほんにん,N3,n,"""the person in question"""
本物,ほんもの,N3,n,"""genuine article"""
間,ま,N3,n,"""time"""
マーケット,マーケット,N3,n,"""market"""
マイク,マイク,N3,n,"""mike"""
迷子,まいご,N3,n,"""lost child"""
マイナス,マイナス,N3,n,"""minus"""
幕,まく,N3,n,"""curtain"""
負け,まけ,N3,n,"""defeat"""
孫,まご,N3,n,"""grandchild"""
街,まち,N3,n,"""town"""
間違い,まちがい,N3,n,"""mistake"""
松,まつ,N3,n,"""pine tree (Pinus spp.)"""
祭,まつり,N3,n,"""festival"""
真似,まね,N3,n,"""imitating"""
柵,さく,N3,n,"""fence"""
酸化,さんか,N3,n,"""oxidation"""
死,し,N3,n,"""death"""
資格,しかく,N3,n,"""qualifications"""
視覚,しかく,N3,n,"""(sense of) sight"""
指揮,しき,N3,n,"""command"""
磁気,じき,N3,n,"""magnetism"""
磁器,じき,N3,n,"""porcelain"""
自己,じこ,N3,n,"""self"""
字体,じたい,N3,n,"""form of a character (e.g. simplified"
辞退,じたい,N3,n,"""declining"""
視点,してん,N3,n,"""point of view"""
脂肪,しぼう,N3,n,"""fat"""
志望,しぼう,N3,n,"""wish"""
衆,しゅう,N3,n,"""great numbers (of people)"""
住,じゅう,N3,n,"""dwelling"""
修飾,しゅうしょく,N3,n,"""ornamentation"""
私用,しよう,N3,n,"""personal use"""
仕様,しよう,N3,n,"""way"""
情,じょう,N3,n,"""feelings"""
生涯,しょうがい,N3,n,"""life"""
上司,じょうし,N3,n,"""(one's) superior"""
正体,しょうたい,N3,n,"""true character"""
照明,しょうめい,N3,n,"""illumination"""
女史,じょし,N3,n,"""lady (of high social status; e.g. scholar"
助詞,じょし,N3,n,"""particle"""
ショック,ショック,N3,n,"""shock (emotional)"""
進行,しんこう,N3,n,"""moving forward (e.g. of a vehicle)"""
振興,しんこう,N3,n,"""promotion"""
申告,しんこく,N3,n,"""report"""
真理,しんり,N3,n,"""truth"""
水洗,すいせん,N3,n,"""washing with water"""
ストレス,ストレス,N3,n,"""stress"""
精算,せいさん,N3,n,"""exact calculation"""
成年,せいねん,N3,n,"""adult age"""
声明,せいめい,N3,n,"""declaration"""
姓名,せいめい,N3,n,"""(full) name"""
生理,せいり,N3,n,"""physiology"""
節,せつ,N3,n,"""occasion"""
膳,ぜん,N3,n,"""small dining table (usu. for a single person)"""
禅,ぜん,N3,n,"""dhyana (profound meditation)"""
選挙,せんきょ,N3,n,"""election"""
先行,せんこう,N3,n,"""going ahead"""
選考,せんこう,N3,n,"""selection"""
相,そう,N3,n,"""aspect"""
僧,そう,N3,n,"""monk"""
像,ぞう,N3,n,"""image"""
捜査,そうさ,N3,n,"""search (esp. in criminal investigations)"""
操縦,そうじゅう,N3,n,"""steering"""
創造,そうぞう,N3,n,"""creation"""
隊,たい,N3,n,"""party"""
退学,たいがく,N3,n,"""dropping out of school"""
タイトル,タイトル,N3,n,"""title"""
ダウン,ダウン,N3,n,"""fall"""
盾,たて,N3,n,"""shield"""
例え,たとえ,N3,n,"""example"""
チャイム,チャイム,N3,n,"""chime"""
挑戦,ちょうせん,N3,n,"""challenge"""
治療,ちりょう,N3,n,"""(medical) treatment"""
対,つい,N3,n,"""pair"""
露,つゆ,N3,n,"""dew"""
データ,データ,N3,n,"""data"""
デザイン,デザイン,N3,n,"""design"""
デザート,デザート,N3,n,"""dessert"""
転校,てんこう,N3,n,"""changing schools"""
伝言,でんごん,N3,n,"""(verbal) message"""
棟,とう,N3,n,"""large building"""
倒産,とうさん,N3,n,"""(corporate) bankruptcy"""
同士,どうし,N3,n,"""fellow"""
同志,どうし,N3,n,"""like-mindedness"""
動揺,どうよう,N3,n,"""shaking"""
供,とも,N3,n,"""companion"""
難,なん,N3,n,"""difficulty"""
音,ね,N3,n,"""sound"""
年鑑,ねんかん,N3,n,"""yearbook"""
脳,のう,N3,n,"""brain"""
肺,はい,N3,n,"""lung"""
班,はん,N3,n,"""group"""
判,はん,N3,n,"""seal"""
版,はん,N3,n,"""edition"""
碑,ひ,N3,n,"""stone monument bearing an inscription (esp. memorial for future generations)"""
非行,ひこう,N3,n,"""delinquency"""
票,ひょう,N3,n,"""vote"""
福,ふく,N3,n,"""good fortune"""
振り,ふり,N3,n,"""swing"""
保護,ほご,N3,n,"""protection"""
保障,ほしょう,N3,n,"""guarantee"""
補償,ほしょう,N3,n,"""compensation"""
膜,まく,N3,n,"""membrane"""
マスコミ,マスコミ,N3,n,"""mass communication"""
股,また,N3,n,"""groin"""
末,まつ,N3,n-suf,"""the end (of)"""
マッサージ,マッサージ,N3,n,"""massage"""
メッセージ,メッセージ,N3,n,"""message"""
野党,やとう,N3,n,"""opposition party"""
優,ゆう,N3,n,"""Excellent (grade)"""
有機,ゆうき,N3,n,"""organic"""
世,よ,N3,n,"""world"""
予想,よそう,N3,n,"""expectation"""
ラベル,ラベル,N3,n,"""label"""
ルール,ルール,N3,n,"""rule"""
枠,わく,N3,n,"""frame"""
親しい,したしい,N3,adj-i,"""close (e.g. friend)"""
鋭い,するどい,N3,adj-i,"""sharp (knife"
温かい,あたたかい,N3,adj-i,"""warm"""
羨ましい,うらやましい,N3,adj-i,"""envious"""
幼い,おさない,N3,adj-i,"""very young"""
恐ろしい,おそろしい,N3,adj-i,"""terrible"""
大人しい,おとなしい,N3,adj-i,"""gentle"""
賢い,かしこい,N3,adj-i,"""wise"""
堅い,かたい,N3,adj-i,"""hard"""
硬い,かたい,N3,adj-i,"""hard"""
可愛らしい,かわいらしい,N3,adj-i,"""lovely"""
きつい,きつい,N3,adj-i,"""tough"""
臭い,くさい,N3,adj-i,"""stinking"""
悔しい,くやしい,N3,adj-i,"""frustrated (over a failure"
苦しい,くるしい,N3,adj-i,"""painful"""
詳しい,くわしい,N3,adj-i,"""detailed"""
濃い,こい,N3,adj-i,"""deep (colour)"""
蒸し暑い,むしあつい,N3,adj-i,"""humid"""
辛い,つらい,N3,adj-i,"""painful"""
激しい,はげしい,N3,adj-i,"""violent"""
等しい,ひとしい,N3,adj-i,"""equal"""
貧しい,まずしい,N3,adj-i,"""poor"""
良い,よい,N3,adj-i,"""good"""
様々,さまざま,N3,adj-na,"""various"""
四角,しかく,N3,adj-na,"""quadrilateral"""
直,じき,N3,adj-na,"""soon"""
至急,しきゅう,N3,adj-no,"""urgent"""
自動,じどう,N3,adj-no,"""automatic"""
地味,じみ,N3,adj-na,"""plain"""
重大,じゅうだい,N3,adj-na,"""serious"""
重要,じゅうよう,N3,adj-na,"""important"""
主要,しゅよう,N3,adj-na,"""chief"""
順調,じゅんちょう,N3,adj-na,"""favourable"""
正直,しょうじき,N3,adj-na,"""honest"""
上等,じょうとう,N3,adj-no,"""superior"""
真剣,しんけん,N3,adj-na,"""serious"""
深刻,しんこく,N3,adj-na,"""serious"""
新鮮,しんせん,N3,adj-na,"""fresh"""
慎重,しんちょう,N3,adj-na,"""careful"""
正確,せいかく,N3,adj-na,"""accurate"""
清潔,せいけつ,N3,adj-na,"""clean"""
正式,せいしき,N3,adj-na,"""formal"""
積極的,せっきょくてき,N3,adj-na,"""positive"""
明らか,あきらか,N3,adj-na,"""clear"""
当たり前,あたりまえ,N3,adj-no,"""natural"""
新た,あらた,N3,adj-na,"""new"""
意外,いがい,N3,adj-na,"""unexpected"""
異常,いじょう,N3,adj-na,"""abnormal"""
意地悪,いじわる,N3,adj-na,"""malicious"""
偉大,いだい,N3,adj-na,"""great"""
一般,いっぱん,N3,adj-no,"""general"""
お洒落,おしゃれ,N3,adj-na,"""stylish"""
穏やか,おだやか,N3,adj-na,"""calm"""
温暖,おんだん,N3,adj-na,"""warm"""
快適,かいてき,N3,adj-na,"""pleasant"""
確実,かくじつ,N3,adj-na,"""certain"""
可能,かのう,N3,adj-na,"""possible"""
可愛そう,かわいそう,N3,adj-na,"""poor"""
完全,かんぜん,N3,adj-na,"""perfect"""
貴重,きちょう,N3,adj-na,"""precious"""
気の毒,きのどく,N3,adj-na,"""pitiful"""
奇妙,きみょう,N3,adj-na,"""strange"""
逆,ぎゃく,N3,adj-no,"""reverse"""
急激,きゅうげき,N3,adj-na,"""sudden"""
急速,きゅうそく,N3,adj-na,"""rapid (e.g. progress)"""
器用,きよう,N3,adj-na,"""skillful"""
共通,きょうつう,N3,adj-no,"""common"""
強力,きょうりょく,N3,adj-na,"""powerful"""
巨大,きょだい,N3,adj-na,"""huge"""
高価,こうか,N3,adj-na,"""highly priced"""
豪華,ごうか,N3,adj-na,"""extravagant"""
高速,こうそく,N3,adj-na,"""high-speed"""
最高,さいこう,N3,adj-no,"""best"""
最終,さいしゅう,N3,adj-no,"""last"""
最低,さいてい,N3,adj-no,"""least"""
幸い,さいわい,N3,adj-na,"""happiness"""
見事,みごと,N3,adj-na,"""splendid"""
密,みつ,N3,adj-na,"""dense"""
妙,みょう,N3,adj-na,"""strange"""
夢中,むちゅう,N3,adj-na,"""absorbed in"""
無料,むりょう,N3,adj-no,"""free (of charge)"""
明確,めいかく,N3,adj-na,"""clear"""
厄介,やっかい,N3,adj-na,"""trouble"""
唯一,ゆいいつ,N3,adj-no,"""only"""
有効,ゆうこう,N3,adj-na,"""valid"""
優秀,ゆうしゅう,N3,adj-na,"""superior"""
有能,ゆうのう,N3,adj-na,"""able"""
有利,ゆうり,N3,adj-na,"""advantageous"""
愉快,ゆかい,N3,adj-na,"""pleasant"""
豊か,ゆたか,N3,adj-na,"""abundant"""
容易,ようい,N3,adj-na,"""easy"""
陽気,ようき,N3,adj-na,"""cheerful"""
余分,よぶん,N3,adj-na,"""extra"""
利口,りこう,N3,adj-na,"""clever"""
僅か,わずか,N3,adj-na,"""a little"""
粋,いき,N3,adj-na,"""chic"""
粗末,そまつ,N3,adj-na,"""crude"""
退屈,たいくつ,N3,adj-na,"""tedious"""
平ら,たいら,N3,adj-na,"""flat"""
只,ただ,N3,adj-no,"""ordinary"""
唯,ただ,N3,adj-no,"""ordinary"""
偶,たま,N3,adj-no,"""occasional"""
単純,たんじゅん,N3,adj-na,"""simple"""
中古,ちゅうこ,N3,adj-no,"""used"""
長期,ちょうき,N3,adj-no,"""long-term"""
直接,ちょくせつ,N3,adj-na,"""direct"""
適切,てきせつ,N3,adj-na,"""appropriate"""
適度,てきど,N3,adj-na,"""moderate (degree)"""
同一,どういつ,N3,adj-no,"""identical"""
同様,どうよう,N3,adj-no,"""same"""
独身,どくしん,N3,adj-no,"""unmarried"""
突然,とつぜん,N3,adj-no,"""abrupt"""
生,なま,N3,adj-no,"""raw"""
苦手,にがて,N3,adj-na,"""poor (at)"""
日常,にちじょう,N3,adj-no,"""everyday"""
莫大,ばくだい,N3,adj-na,"""vast"""
派手,はで,N3,adj-na,"""showy"""
ハンサム,ハンサム,N3,adj-na,"""handsome"""
必死,ひっし,N3,adj-na,"""frantic"""
微妙,びみょう,N3,adj-na,"""subtle"""
不可,ふか,N3,adj-no,"""wrong"""
不思議,ふしぎ,N3,adj-na,"""wonderful"""
普段,ふだん,N3,adj-no,"""usual"""
豊富,ほうふ,N3,adj-na,"""abundant"""
真っ赤,まっか,N3,adj-na,"""bright red"""
新興,しんこう,N3,adj-no,"""rising"""
正規,せいき,N3,adj-no,"""regular"""
精巧,せいこう,N3,adj-na,"""elaborate"""
当然,とうぜん,N3,adj-no,"""natural"""
並,なみ,N3,adj-no,"""average"""
更に,さらに,N3,adv,"""furthermore"""
直に,じかに,N3,adv,"""directly"""
事実,じじつ,N3,adv,"""fact"""
実に,じつに,N3,adv,"""indeed"""
少々,しょうしょう,N3,adv,"""a little"""
徐々に,じょじょに,N3,adv,"""gradually"""
少しも,すこしも,N3,adv,"""(not) at all"""
ずっと,ずっと,N3,adv,"""continuously"""
既に,すでに,N3,adv,"""already"""
精々,せいぜい,N3,adv,"""at the most"""
絶対,ぜったい,N3,adv,"""absolutely"""
相変わらず,あいかわらず,N3,adv,"""as usual"""
案外,あんがい,N3,adv,"""unexpectedly"""
あんなに,あんなに,N3,adv,"""to that extent"""
一度に,いちどに,N3,adv,"""all at once"""
一層,いっそう,N3,adv,"""even more"""
一体,いったい,N3,adv,"""(what) the heck"""
今に,いまに,N3,adv,"""before long"""
今にも,いまにも,N3,adv,"""at any moment (now)"""
言わば,いわば,N3,adv,"""so to speak"""
うっかり,うっかり,N3,adv,"""carelessly"""
大いに,おおいに,N3,adv,"""very"""
恐らく,おそらく,N3,adv,"""probably"""
主に,おもに,N3,adv,"""mainly"""
思わず,おもわず,N3,adv,"""unconsciously"""
必ずしも,かならずしも,N3,adv,"""(not) always"""
きちんと,きちんと,N3,adv,"""properly"""
急に,きゅうに,N3,adv,"""swiftly"""
ぐっすり,ぐっすり,N3,adv,"""soundly (sleeping)"""
結局,けっきょく,N3,adv,"""after all"""
極,ごく,N3,adv,"""quite"""
こんなに,こんなに,N3,adv,"""so"""
ざっと,ざっと,N3,adv,"""roughly"""
さっぱり,さっぱり,N3,adv,"""feeling refreshed"""
寧ろ,むしろ,N3,adv,"""rather"""
滅多に,めったに,N3,adv,"""rarely"""
尤も,もっとも,N3,adv,"""most"""
約,やく,N3,adv,"""approximately"""
～観,かん,N3,adv,"""ding"""
そっくり,そっくり,N3,adv,"""all"""
そっと,そっと,N3,adv,"""softly"""
他,た,N3,adv,"""other (esp. people and abstract matters)"""
多少,たしょう,N3,adv,"""a little"""
直ちに,ただちに,N3,adv,"""at once"""
たっぷり,たっぷり,N3,adv,"""plentifully"""
偶々,たまたま,N3,adv,"""by chance"""
単に,たんに,N3,adv,"""simply"""
近頃,ちかごろ,N3,adv,"""lately"""
ちゃんと,ちゃんと,N3,adv,"""diligently"""
遂に,ついに,N3,adv,"""finally"""
次々,つぎつぎ,N3,adv,"""in succession"""
常に,つねに,N3,adv,"""always"""
共に,ともに,N3,adv,"""together"""
どんなに,どんなに,N3,adv,"""how"""
何で,なんで,N3,adv,"""why?"""
にっこり,にっこり,N3,adv,"""sweetly (smiling)"""
のんびり,のんびり,N3,adv,"""at leisure"""
ばったり,ばったり,N3,adv,"""with a clash"""
ぴったり,ぴったり,N3,adv,"""tightly"""
一人一人,ひとりひとり,N3,adv,"""each (person)"""
再び,ふたたび,N3,adv,"""again"""
別に,べつに,N3,adv,"""(not) particularly"""
方々,ほうぼう,N3,adv,"""here and there"""
ぼんやり,ぼんやり,N3,adv,"""dimly"""
まあ,まあ,N3,adv,"""just (e.g. """"just wait here"""")"""
全く,まったく,N3,adv,"""really"""
ほっと,ほっと,N3,adv,"""with a feeling of relief"""
前もって,まえもって,N3,adv,"""in advance"""
冷ます,さます,N3,v5s,"""to cool (e.g. from a high temperature to room temperature)"""
覚ます,さます,N3,v5s,"""to awaken"""
冷める,さめる,N3,v1,"""to cool down"""
覚める,さめる,N3,v1,"""to wake"""
去る,さる,N3,v5r,"""to leave"""
沈む,しずむ,N3,v5m,"""to sink"""
従う,したがう,N3,v5u,"""to obey (an order"
しばしば,しばしば,N3,vs,"""(blinking) repeatedly"""
支払う,しはらう,N3,v5u,"""to pay"""
示す,しめす,N3,v5s,"""to (take out and) show"""
占める,しめる,N3,v1,"""to occupy"""
湿る,しめる,N3,v5r,"""to become damp"""
生じる,しょうじる,N3,v1,"""to produce"""
信じる,しんじる,N3,v1,"""to believe"""
救う,すくう,N3,v5u,"""to rescue from"""
優れる,すぐれる,N3,v1,"""to be better (than)"""
過ごす,すごす,N3,v5s,"""to spend (time)"""
進める,すすめる,N3,v1,"""to advance"""
勧める,すすめる,N3,v1,"""to recommend (someone to do)"""
済ませる,すませる,N3,v1,"""to finish"""
澄む,すむ,N3,v5m,"""to become clear (water"
清む,すむ,N3,v5m,"""to become clear (water"
刷る,する,N3,v5r,"""to print"""
為る,する,N3,vs-i,"""to do"""
すれ違う,すれちがう,N3,v5u,"""to pass (by) each other"""
ずれる,ずれる,N3,v1,"""to slide"""
愛する,あいする,N3,vs-s,"""to love"""
遭う,あう,N3,v5u,"""to meet"""
諦める,あきらめる,N3,v1,"""to give up"""
飽きる,あきる,N3,v1,"""to get tired of"""
明ける,あける,N3,v1,"""to open (a door"
揚げる,あげる,N3,v1,"""to deep-fry"""
挙げる,あげる,N3,v1,"""to give (an example)"""
預かる,あずかる,N3,v5r,"""to look after"""
預ける,あずける,N3,v1,"""to leave (in someone's keeping)"""
与える,あたえる,N3,v1,"""to give (esp. to someone of lower status)"""
暖まる,あたたまる,N3,v5r,"""to warm oneself"""
温まる,あたたまる,N3,v5r,"""to warm oneself"""
暖める,あたためる,N3,v1,"""to warm (up)"""
温める,あたためる,N3,v1,"""to warm (up)"""
当たる,あたる,N3,v5r,"""to be hit"""
扱う,あつかう,N3,v5u,"""to deal with (a person)"""
当てる,あてる,N3,v1,"""to hit"""
争う,あらそう,N3,v5u,"""to compete"""
表す,あらわす,N3,v5s,"""to represent"""
現す,あらわす,N3,v5s,"""to represent"""
著す,あらわす,N3,v5s,"""to write"""
現れる,あらわれる,N3,v1,"""to appear"""
合わせる,あわせる,N3,v1,"""to match (rhythm"
慌てる,あわてる,N3,v1,"""to become confused (disconcerted"
抱く,いだく,N3,v5k,"""to hold in one's arms (e.g. a baby)"""
至る,いたる,N3,v5r,"""to arrive at (e.g. a decision)"""
祝う,いわう,N3,v5u,"""to celebrate"""
受け取る,うけとる,N3,v5r,"""to receive"""
動かす,うごかす,N3,v5s,"""to move"""
失う,うしなう,N3,v5u,"""to lose"""
疑う,うたがう,N3,v5u,"""to doubt"""
討つ,うつ,N3,v5t,"""to attack"""
撃つ,うつ,N3,v5t,"""to shoot (a gun"
映す,うつす,N3,v5s,"""to project"""
訴える,うったえる,N3,v1,"""to raise"""
写る,うつる,N3,v5r,"""to be photographed"""
映る,うつる,N3,v5r,"""to be reflected"""
奪う,うばう,N3,v5u,"""to take (by force)"""
埋める,うめる,N3,v1,"""to bury (e.g. in the ground)"""
裏切る,うらぎる,N3,v5r,"""to betray"""
売れる,うれる,N3,v1,"""to sell (well)"""
描く,えがく,N3,v5k,"""to draw"""
得る,える,N3,v1,"""to get"""
得る,うる,N3,v2a-s,"""to be able to ..."""
追い付く,おいつく,N3,v5k,"""to catch up (with)"""
追う,おう,N3,v5u,"""to chase"""
応じる,おうじる,N3,v1,"""to respond"""
終える,おえる,N3,v1,"""to finish"""
覆う,おおう,N3,v5u,"""to cover"""
贈る,おくる,N3,v5r,"""to give (as a gift)"""
起こる,おこる,N3,v5r,"""to occur"""
押える,おさえる,N3,v1,"""to pin down"""
収める,おさめる,N3,v1,"""to put (into)"""
納める,おさめる,N3,v1,"""to put (into)"""
治める,おさめる,N3,v1,"""to rule"""
恐れる,おそれる,N3,v1,"""to fear"""
教わる,おそわる,N3,v5r,"""to be taught"""
劣る,おとる,N3,v5r,"""to be inferior to"""
溺れる,おぼれる,N3,v1,"""to struggle in the water"""
思い付く,おもいつく,N3,v5k,"""to think of"""
及ぼす,およぼす,N3,v5s,"""to exert (influence)"""
下す,おろす,N3,v5s,"""to take down"""
降ろす,おろす,N3,v5s,"""to take down"""
卸す,おろす,N3,v5s,"""to sell wholesale"""
飼う,かう,N3,v5u,"""to keep (a pet or other animal)"""
帰す,かえす,N3,v5s,"""to send (someone) back"""
代える,かえる,N3,v1,"""to replace"""
替える,かえる,N3,v1,"""to replace"""
換える,かえる,N3,v1,"""to replace"""
反る,かえる,N3,v5r,"""to return"""
抱える,かかえる,N3,v1,"""to hold in one's arms"""
輝く,かがやく,N3,v5k,"""to shine"""
罹る,かかる,N3,v5r,"""to contract (a disease)"""
限る,かぎる,N3,v5r,"""to restrict"""
掻く,かく,N3,v5k,"""to scratch"""
描く,かく,N3,v5k,"""to draw"""
嗅ぐ,かぐ,N3,v5g,"""to sniff"""
隠す,かくす,N3,v5s,"""to hide"""
隠れる,かくれる,N3,v1,"""to hide"""
欠ける,かける,N3,v1,"""to chip"""
囲む,かこむ,N3,v5m,"""to surround"""
重なる,かさなる,N3,v5r,"""to be piled up"""
重ねる,かさねる,N3,v1,"""to pile up"""
稼ぐ,かせぐ,N3,v5g,"""to earn (income)"""
数える,かぞえる,N3,v1,"""to count"""
片付く,かたづく,N3,v5k,"""to be put in order"""
語る,かたる,N3,v5r,"""to talk about"""
がっかり,がっかり,N3,vs,"""to be disappointed"""
悲しむ,かなしむ,N3,v5m,"""to be sad"""
被る,かぶる,N3,v5r,"""to put on (one's head)"""
刈る,かる,N3,v5r,"""to cut (grass"
乾かす,かわかす,N3,v5s,"""to dry (clothes"
渇く,かわく,N3,v5k,"""to be thirsty"""
代る,かわる,N3,v5r,"""to succeed"""
感じる,かんじる,N3,v1,"""to feel"""
関する,かんする,N3,vs-s,"""to concern"""
効く,きく,N3,v5k,"""to be effective"""
気付く,きづく,N3,v5k,"""to notice"""
嫌う,きらう,N3,v5u,"""to hate"""
切れる,きれる,N3,v1,"""to break"""
食う,くう,N3,v5u,"""to eat"""
腐る,くさる,N3,v5r,"""to rot"""
下る,くだる,N3,v5r,"""to descend"""
組む,くむ,N3,v5m,"""to cross (legs or arms)"""
汲む,くむ,N3,v5m,"""to draw (water)"""
酌む,くむ,N3,v5m,"""to pour (sake)"""
暮らす,くらす,N3,v5s,"""to live"""
繰り返す,くりかえす,N3,v5s,"""to repeat"""
狂う,くるう,N3,v5u,"""to go mad"""
苦しむ,くるしむ,N3,v5m,"""to suffer"""
加える,くわえる,N3,v1,"""to add"""
咥える,くわえる,N3,v1,"""to hold in one's mouth"""
加わる,くわわる,N3,v5r,"""to be added to"""
蹴る,ける,N3,v5r,"""to kick"""
越える,こえる,N3,v1,"""to cross over"""
超える,こえる,N3,v1,"""to cross over"""
凍る,こおる,N3,v5r,"""to freeze"""
越す,こす,N3,v5s,"""to cross over (e.g. mountain)"""
超す,こす,N3,v5s,"""to cross over (e.g. mountain)"""
異なる,ことなる,N3,v5r,"""to differ"""
断る,ことわる,N3,v5r,"""to refuse"""
好む,このむ,N3,v5m,"""to like"""
殺す,ころす,N3,v5s,"""to kill"""
転ぶ,ころぶ,N3,v5b,"""to fall down"""
逆らう,さからう,N3,v5u,"""to go against"""
裂く,さく,N3,v5k,"""to tear"""
叫ぶ,さけぶ,N3,v5b,"""to shout"""
避ける,さける,N3,v1,"""to avoid (physical contact with)"""
支える,ささえる,N3,v1,"""to support"""
刺さる,ささる,N3,v5r,"""to stick into (of something with a sharp point)"""
刺す,さす,N3,v5s,"""to pierce"""
指す,さす,N3,v5s,"""to point"""
挿す,さす,N3,v5s,"""to insert"""
注す,さす,N3,v5s,"""to pour"""
射す,さす,N3,v5s,"""to shine"""
誘う,さそう,N3,v5u,"""to invite"""
守る,まもる,N3,v5r,"""to protect"""
迷う,まよう,N3,v5u,"""to lose one's way"""
満ちる,みちる,N3,v1,"""to fill"""
認める,みとめる,N3,v1,"""to recognize"""
診る,みる,N3,v1,"""to examine (medically)"""
向く,むく,N3,v5k,"""to turn toward"""
剥く,むく,N3,v5k,"""to peel"""
向ける,むける,N3,v1,"""to turn (towards)"""
蒸す,むす,N3,v5s,"""to steam (food"
結ぶ,むすぶ,N3,v5b,"""to tie"""
命じる,めいじる,N3,v1,"""to order"""
申し込む,もうしこむ,N3,v5m,"""to apply for"""
燃える,もえる,N3,v1,"""to burn"""
持ち上げる,もちあげる,N3,v1,"""to elevate"""
用いる,もちいる,N3,v1,"""to use"""
戻す,もどす,N3,v5s,"""to put back"""
基づく,もとづく,N3,v5k,"""to be based (on)"""
求める,もとめる,N3,v1,"""to want"""
燃やす,もやす,N3,v5s,"""to burn"""
訳す,やくす,N3,v5s,"""to translate"""
雇う,やとう,N3,v5u,"""to employ"""
破る,やぶる,N3,v5r,"""to tear"""
破れる,やぶれる,N3,v1,"""to get torn"""
辞める,やめる,N3,v1,"""to resign"""
譲る,ゆずる,N3,v5r,"""to hand over"""
茹でる,ゆでる,N3,v1,"""to boil (something in hot water)"""
許す,ゆるす,N3,v5s,"""to permit"""
酔う,よう,N3,v5u,"""to get drunk"""
横切る,よこぎる,N3,v5r,"""to cross (e.g. road)"""
汚す,よごす,N3,v5s,"""to pollute"""
止す,よす,N3,v5s,"""to stop (doing)"""
寄せる,よせる,N3,v1,"""to come near"""
因る,よる,N3,v5r,"""to be due to"""
論じる,ろんじる,N3,v1,"""to discuss"""
分かれる,わかれる,N3,v1,"""to branch"""
湧く,わく,N3,v5k,"""to well (up)"""
分ける,わける,N3,v1,"""to divide (into)"""
割る,わる,N3,v5r,"""to divide"""
宛てる,あてる,N3,v1,"""to address"""
傷める,いためる,N3,v1,"""to hurt"""
炒める,いためる,N3,v1,"""to fry"""
埋まる,うまる,N3,v5r,"""to be buried"""
産む,うむ,N3,v5m,"""to give birth"""
負う,おう,N3,v5u,"""to carry on one's back"""
織る,おる,N3,v5r,"""to weave"""
欠く,かく,N3,v5k,"""to chip"""
駆ける,かける,N3,v1,"""to run"""
賭ける,かける,N3,v1,"""to wager"""
築く,きずく,N3,v5k,"""to build"""
攻める,せめる,N3,v1,"""to attack"""
責める,せめる,N3,v1,"""to condemn"""
注ぐ,そそぐ,N3,v5g,"""to pour (into)"""
育つ,そだつ,N3,v5t,"""to be raised (e.g. child)"""
備える,そなえる,N3,v1,"""to furnish with"""
具える,そなえる,N3,v1,"""to furnish with"""
揃う,そろう,N3,v5u,"""to be complete"""
揃える,そろえる,N3,v1,"""to collect"""
対する,たいする,N3,vs-s,"""to face (each other)"""
倒す,たおす,N3,v5s,"""to throw down"""
高める,たかめる,N3,v1,"""to raise"""
炊く,たく,N3,v5k,"""to cook (grains"
焚く,たく,N3,v5k,"""to burn"""
抱く,だく,N3,v5k,"""to hold in one's arms (e.g. a baby)"""
確かめる,たしかめる,N3,v1,"""to make sure"""
助かる,たすかる,N3,v5r,"""to be saved"""
助ける,たすける,N3,v1,"""to save"""
戦う,たたかう,N3,v5u,"""to make war (on)"""
叩く,たたく,N3,v5k,"""to strike"""
畳む,たたむ,N3,v5m,"""to fold (clothes"
立ち上がる,たちあがる,N3,v5r,"""to stand up"""
建つ,たつ,N3,v5t,"""to be erected"""
経つ,たつ,N3,v5t,"""to pass (of time)"""
達する,たっする,N3,vs-s,"""to reach"""
騙す,だます,N3,v5s,"""to trick"""
溜まる,たまる,N3,v5r,"""to collect"""
黙る,だまる,N3,v5r,"""to be silent"""
試す,ためす,N3,v5s,"""to try (out)"""
溜める,ためる,N3,v1,"""to amass"""
頼る,たよる,N3,v5r,"""to rely on"""
散らす,ちらす,N3,v5s,"""to scatter"""
散る,ちる,N3,v5r,"""to fall (e.g. blossoms"
通じる,つうじる,N3,v1,"""to be open (to traffic)"""
捕まる,つかまる,N3,v5r,"""to be caught"""
掴む,つかむ,N3,v5m,"""to seize"""
付合う,つきあう,N3,v5u,"""to associate with"""
付く,つく,N3,v5k,"""to be attached"""
就く,つく,N3,v5k,"""to take (seat"
突く,つく,N3,v5k,"""to prick"""
次ぐ,つぐ,N3,v5g,"""to follow"""
注ぐ,つぐ,N3,v5g,"""to pour (into a vessel)"""
付ける,つける,N3,v1,"""to attach"""
着ける,つける,N3,v1,"""to attach"""
伝わる,つたわる,N3,v5r,"""to spread (of a rumour"
繋がる,つながる,N3,v5r,"""to be tied together"""
繋ぐ,つなぐ,N3,v5g,"""to connect"""
繋げる,つなげる,N3,v1,"""to connect"""
積む,つむ,N3,v5m,"""to pile up"""
詰める,つめる,N3,v1,"""to stuff into"""
積もる,つもる,N3,v5r,"""to pile up"""
出会う,であう,N3,v5u,"""to meet (by chance)"""
適する,てきする,N3,vs-s,"""to fit"""
通す,とおす,N3,v5s,"""to stick through"""
通り過ぎる,とおりすぎる,N3,v1,"""to go past"""
溶く,とく,N3,v5k,"""to dissolve (paint)"""
解く,とく,N3,v5k,"""to untie"""
退く,どく,N3,v5k,"""to step aside"""
溶ける,とける,N3,v1,"""to melt"""
解ける,とける,N3,v1,"""to be solved"""
閉じる,とじる,N3,v1,"""to close (e.g. book"
届く,とどく,N3,v5k,"""to reach"""
飛ばす,とばす,N3,v5s,"""to let fly"""
飛び出す,とびだす,N3,v5s,"""to jump out"""
留める,とめる,N3,v1,"""to stop"""
泊める,とめる,N3,v1,"""to give shelter to"""
取り上げる,とりあげる,N3,v1,"""to pick up"""
取れる,とれる,N3,v1,"""to come off (of a button"
流す,ながす,N3,v5s,"""to drain"""
眺める,ながめる,N3,v1,"""to look at"""
流れる,ながれる,N3,v1,"""to stream"""
亡くす,なくす,N3,v5s,"""to lose (through death; e.g. a wife"
殴る,なぐる,N3,v5r,"""to strike"""
怠ける,なまける,N3,v1,"""to be lazy"""
悩む,なやむ,N3,v5m,"""to be worried"""
鳴らす,ならす,N3,v5s,"""to ring"""
為る,なる,N3,v5r,"""to become"""
生る,なる,N3,v5r,"""to bear fruit"""
馴れる,なれる,N3,v1,"""to get used to"""
似合う,にあう,N3,v5u,"""to suit"""
煮える,にえる,N3,v1,"""to be boiled"""
握る,にぎる,N3,v5r,"""to clasp"""
煮る,にる,N3,v1,"""to boil"""
抜く,ぬく,N3,v5k,"""to pull out"""
抜ける,ぬける,N3,v1,"""to come out"""
濡らす,ぬらす,N3,v5s,"""to wet"""
願う,ねがう,N3,v5u,"""to desire"""
残す,のこす,N3,v5s,"""to leave (behind)"""
乗せる,のせる,N3,v1,"""to place on (something)"""
載せる,のせる,N3,v1,"""to place on (something)"""
覗く,のぞく,N3,v5k,"""to peek (through a keyhole"
除く,のぞく,N3,v5k,"""to remove"""
望む,のぞむ,N3,v5m,"""to desire"""
伸ばす,のばす,N3,v5s,"""to grow long (e.g. hair"
延ばす,のばす,N3,v5s,"""to grow long (e.g. hair"
伸びる,のびる,N3,v1,"""to stretch"""
延びる,のびる,N3,v1,"""to stretch"""
述べる,のべる,N3,v1,"""to state"""
上る,のぼる,N3,v5r,"""to ascend"""
昇る,のぼる,N3,v5r,"""to ascend"""
載る,のる,N3,v5r,"""to be placed on"""
生える,はえる,N3,v1,"""to grow"""
計る,はかる,N3,v5r,"""to measure"""
量る,はかる,N3,v5r,"""to measure"""
測る,はかる,N3,v5r,"""to measure"""
掃く,はく,N3,v5k,"""to sweep"""
吐く,はく,N3,v5k,"""to vomit"""
外す,はずす,N3,v5s,"""to remove"""
外れる,はずれる,N3,v1,"""to be disconnected"""
罰する,ばっする,N3,vs-s,"""to punish"""
話し合う,はなしあう,N3,v5u,"""to discuss"""
離す,はなす,N3,v5s,"""to separate"""
放す,はなす,N3,v5s,"""to release"""
離れる,はなれる,N3,v1,"""to be separated"""
放れる,はなれる,N3,v1,"""to get free (from)"""
省く,はぶく,N3,v5k,"""to omit"""
流行る,はやる,N3,v5r,"""to be popular"""
引っ張る,ひっぱる,N3,v5r,"""to pull"""
冷やす,ひやす,N3,v5s,"""to cool"""
広がる,ひろがる,N3,v5r,"""to spread (out)"""
広げる,ひろげる,N3,v1,"""to spread"""
広める,ひろめる,N3,v1,"""to spread"""
深まる,ふかまる,N3,v5r,"""to deepen"""
拭く,ふく,N3,v5k,"""to wipe"""
含む,ふくむ,N3,v5m,"""to contain"""
含める,ふくめる,N3,v1,"""to include (in a group or scope)"""
防ぐ,ふせぐ,N3,v5g,"""to defend against"""
打つ,ぶつ,N3,v5t,"""to hit (someone)"""
ぶつかる,ぶつかる,N3,v5r,"""to bump into"""
増やす,ふやす,N3,v5s,"""to increase"""
殖やす,ふやす,N3,v5s,"""to increase"""
振る,ふる,N3,v5r,"""to wave"""
震える,ふるえる,N3,v1,"""to shiver"""
触れる,ふれる,N3,v1,"""to touch"""
減らす,へらす,N3,v5s,"""to abate"""
減る,へる,N3,v5r,"""to decrease (in size or number)"""
吠える,ほえる,N3,v1,"""to bark"""
微笑む,ほほえむ,N3,v5m,"""to smile"""
任せる,まかせる,N3,v1,"""to leave (a matter"
巻く,まく,N3,v5k,"""to wind"""
蒔く,まく,N3,v5k,"""to sow"""
撒く,まく,N3,v5k,"""to scatter"""
混ざる,まざる,N3,v5r,"""to be mixed"""
交ざる,まざる,N3,v5r,"""to be mixed"""
混じる,まじる,N3,v5r,"""to be mixed"""
交じる,まじる,N3,v5r,"""to be mixed"""
増す,ます,N3,v5s,"""to increase"""
マスター,マスター,N3,vs,"""to master (a skill)"""
混ぜる,まぜる,N3,v1,"""to mix"""
交ぜる,まぜる,N3,v1,"""to mix"""
学ぶ,まなぶ,N3,v5b,"""to learn"""
招く,まねく,N3,v5k,"""to invite"""
裂ける,さける,N3,v1,"""to split"""
裁く,さばく,N3,v5k,"""to judge"""
擦る,する,N3,v5r,"""to rub"""
沿う,そう,N3,v5u,"""to run along"""
添う,そう,N3,v5u,"""to meet (wishes"
高まる,たかまる,N3,v5r,"""to rise"""
断つ,たつ,N3,v5t,"""to sever"""
接ぐ,つぐ,N3,v5g,"""to join"""
継ぐ,つぐ,N3,v5g,"""to succeed (a person"
摘む,つむ,N3,v5m,"""to pick"""
強まる,つよまる,N3,v5r,"""to get strong"""
強める,つよめる,N3,v1,"""to strengthen"""
問う,とう,N3,v5u-s,"""to ask"""
説く,とく,N3,v5k,"""to explain"""
綴じる,とじる,N3,v1,"""to bind"""
慣らす,ならす,N3,v5s,"""to accustom"""
馴らす,ならす,N3,v5s,"""to accustom"""
臨む,のぞむ,N3,v5m,"""to look out on"""
映える,はえる,N3,v1,"""to shine"""
諮る,はかる,N3,v5r,"""to consult with"""
図る,はかる,N3,v5r,"""to plan"""
生やす,はやす,N3,v5s,"""to grow"""
広まる,ひろまる,N3,v5r,"""to spread"""
深める,ふかめる,N3,v1,"""to deepen"""
経る,へる,N3,v1,"""to pass"""
見掛ける,みかける,N3,v1,"""to (happen to) see"""
捲る,めくる,N3,v5r,"""to turn over"""
弱まる,よわまる,N3,v5r,"""to abate"""
弱める,よわめる,N3,v1,"""to weaken"""
氏,し,N3,suf,"""Mr"""
しかも,しかも,N3,unknown,""""""
しきりに,しきりに,N3,unknown,""""""
次第,しだい,N3,suf,"""depending on"""
したがって,したがって,N3,unknown,""""""
じっと,じっと,N3,unknown,""""""
実は,じつは,N3,exp,"""as a matter of fact"""
しまった (かん),しまった (かん),N3,unknown,""""""
しゃべる,しゃべる,N3,unknown,""""""
上,じょう,N3,suf,"""from the standpoint of"""
数,すう,N3,pref,"""several"""
すくなくとも,すくなくとも,N3,unknown,""""""
すっぱい,すっぱい,N3,unknown,""""""
すてき,すてき,N3,unknown,""""""
すなわち,すなわち,N3,unknown,""""""
すみません (かん),すみません (かん),N3,unknown,""""""
あいにく,あいにく,N3,unknown,""""""
アウト,アウト,N3,unknown,""""""
あちこち,あちこち,N3,unknown,""""""
あらゆる,あらゆる,N3,unknown,""""""
ありがとう,ありがとう,N3,unknown,""""""
在る; 有る,ある,N3,unknown,""""""
或,ある,N3,adj-pn,"""a certain ..."""
あるいは,あるいは,N3,unknown,""""""
あんまり,あんまり,N3,unknown,""""""
いけない,いけない,N3,unknown,""""""
いずれ,いずれ,N3,unknown,""""""
いたずら,いたずら,N3,unknown,""""""
いただきます,いただきます,N3,unknown,""""""
いつか,いつか,N3,unknown,""""""
いつでも,いつでも,N3,unknown,""""""
いつのまにか,いつのまにか,N3,unknown,""""""
いつまでも,いつまでも,N3,unknown,""""""
否,いや,N3,int,"""no"""
いらいら,いらいら,N3,unknown,""""""
いらっしゃい,いらっしゃい,N3,int,"""come"""
いわゆる,いわゆる,N3,unknown,""""""
うがい,うがい,N3,unknown,""""""
うなる,うなる,N3,unknown,""""""
男の人,おとこのひと,N3,exp,"""man"""
お前,おまえ,N3,pn,"""you"""
おめでとう,おめでとう,N3,unknown,""""""
お目に掛かる,おめにかかる,N3,exp,"""to meet (someone of higher status)"""
およそ,およそ,N3,unknown,""""""
かなり,かなり,N3,unknown,""""""
髪の毛,かみのけ,N3,exp,"""hair (on the head)"""
かもしれない,かもしれない,N3,unknown,""""""
かゆい,かゆい,N3,unknown,""""""
気に入る,きにいる,N3,exp,"""to like"""
旧,きゅう,N3,pref,"""old"""
けち,けち,N3,unknown,""""""
こぼす,こぼす,N3,unknown,""""""
こぼれる,こぼれる,N3,unknown,""""""
ごめんなさい,ごめんなさい,N3,unknown,""""""
これら,これら,N3,unknown,""""""
こんにちは,こんにちは,N3,unknown,""""""
昨,さく,N3,pref,"""last (year)"""
さて,さて,N3,unknown,""""""
まるで,まるで,N3,unknown,""""""
もしかすると,もしかすると,N3,unknown,""""""
もしも,もしも,N3,unknown,""""""
もったいない,もったいない,N3,unknown,""""""
やがて,やがて,N3,unknown,""""""
やや,やや,N3,int,"""oh!"""
要するに,ようするに,N3,exp,"""in short"""
ヨーロッパ,ヨーロッパ,N3,unknown,""""""
世の中,よのなか,N3,exp,"""society"""
より,より,N3,prt,"""than"""
よろしく (かん),よろしく (かん),N3,unknown,""""""
来,らい～,N3,unknown,""""""
わがまま,わがまま,N3,unknown,""""""
わざと,わざと,N3,unknown,""""""
我々,われわれ,N3,pn,"""we"""
依然,いぜん,N3,adj-t,"""still"""
ことによると,ことによると,N3,unknown,""""""
全,ぜん,N3,pref,"""all"""
そこで,そこで,N3,unknown,""""""
そして,そして,N3,unknown,""""""
そのうえ,そのうえ,N3,unknown,""""""
そのうち,そのうち,N3,unknown,""""""
そのまま,そのまま,N3,unknown,""""""
それぞれ,それぞれ,N3,unknown,""""""
それでも,それでも,N3,unknown,""""""
それと,それと,N3,unknown,""""""
それとも,それとも,N3,unknown,""""""
大,だい,N3,pref,"""large"""
大した,たいした,N3,adj-pn,"""considerable"""
だが,だが,N3,conj,"""but"""
だけど,だけど,N3,conj,"""but"""
たしか,たしか,N3,unknown,""""""
ただ,ただ,N3,unknown,""""""
唯,たった,N3,adj-f,"""only"""
だって,だって,N3,conj,"""after all"""
たとえ,たとえ,N3,unknown,""""""
たびたび,たびたび,N3,unknown,""""""
たまらない,たまらない,N3,unknown,""""""
単なる,たんなる,N3,adj-pn,"""mere"""
違いない,ちがいない,N3,exp,"""sure"""
ちょうだい,ちょうだい,N3,unknown,""""""
つまり,つまり,N3,unknown,""""""
できれば,できれば,N3,unknown,""""""
ですから,ですから,N3,conj,"""so"""
どうしても,どうしても,N3,unknown,""""""
どうぞよろしく,どうぞよろしく,N3,unknown,""""""
どこか,どこか,N3,unknown,""""""
ところが,ところが,N3,unknown,""""""
ところで,ところで,N3,unknown,""""""
とにかく,とにかく,N3,unknown,""""""
とんでもない,とんでもない,N3,unknown,""""""
なお,なお,N3,unknown,""""""
なぜなら,なぜなら,N3,unknown,""""""
何か,なにか,N3,pn,"""something"""
なにも,なにも,N3,unknown,""""""
何でも,なんでも,N3,exp,"""any"""
何とか,なんとか,N3,exp,"""something"""
ノー,ノー,N3,int,"""no"""
はあ (かん),はあ (かん),N3,unknown,""""""
はさみ,はさみ,N3,unknown,""""""
不,ふ,N3,pref,"""un-"""
不,ぶ,N3,pref,"""un-"""
無,ぶ,N3,pref,"""un-"""
ぶつける,ぶつける,N3,unknown,""""""
ふと,ふと,N3,unknown,""""""
ペンキ,ペンキ,N3,unknown,""""""
ほぼ,ほぼ,N3,unknown,""""""
まさか,まさか,N3,unknown,""""""
まさに,まさに,N3,unknown,""""""
ますます,ますます,N3,unknown,""""""
まとまる,まとまる,N3,unknown,""""""
まとめる,まとめる,N3,unknown,""""""
まぶしい,まぶしい,N3,unknown,""""""
と,と,N3,prt,"""if"""
～敗,はい,N3,int,"""yes"""